0,30.04,30.54,33.01,28.55,,,,,,
1,30.24,30.11,32.31,28.6,,,,,,
2,30.5,30.08,32.73,28.46,,,,,,
3,30.33,30.13,32.73,27.93,,,,,,
4,30.37,30.24,33.02,29.36,,,,,,
5,30.4,29.84,32.5,29.72,,,,,,
6,30.31,29.98,32.58,28.95,,,,,,
7,30.27,30.43,32.61,28.31,,,,,,
8,30.28,30.23,32.73,27.74,,,,,,
9,30.26,29.94,32.65,28.05,,,,,,
10,30.29,29.92,32.53,29.5,,,,,,
11,29.85,30.04,32.28,28.78,,,,,,
12,29.95,30.21,32.89,29.18,,,,,,
13,29.95,30.35,32.95,29.17,,,,,,
14,30.24,30.35,33.17,29,,,,,,
15,30.53,30.3,34.26,30.08,,,,,,
16,30.48,30.49,34.9,30.35,,,,,,
17,30.33,30.61,35.43,31.68,,,,,,
18,30.66,30.7,36.14,31.71,,,,,,
19,30.9,31.07,36.93,31.55,,,,,,
20,30.96,31,37.67,32.29,,,,,,
21,30.8,31.21,38.11,33.38,,,,,,
22,30.88,31.58,38.34,33.25,,,,,,
23,31.2,31.53,39.41,33.3,,,,,,
24,31.15,32.07,39.91,34.14,,,,,,
25,31.42,32.01,40.41,33.62,,,,,,
26,31.3,32.24,40.91,33.99,,,,,,
27,31.54,32.37,42.13,34.81,,,,,,
28,31.65,32.77,42.46,35.59,,,,,,
29,31.92,32.85,42.72,36.65,,,,,,
30,31.95,33.24,43.28,36.69,,,,,,
31,31.95,33.49,44.42,36.32,,,,,,
32,32.05,34.18,44.86,38.31,,,,,,Tiempo en llegar a convergencia
33,32,33.94,45.5,37.94,,26.4,Primer sensor más bajo,,,Más bajo
34,31.99,34.07,46.07,37.76,,19.8,Segundo sensor medio bajo,,,Medio bajo
35,32.26,34.51,46.87,38.9,,13.2,Tercer sensor más alto,,,Más alto
36,32.74,34.92,47.41,38.85,,6.6,Cuarto sensor medio alto,,,Medio alto
37,32.99,35.22,47.57,39.7,,,,,,
38,32.92,35.44,48.09,40.15,,,,,,
39,33.15,35.64,49.24,40.49,,,,,,
40,33.29,36,49.48,40.35,,,,,,
41,33,36.48,50.03,41.68,,,,,,
42,33.65,36.27,51.16,42.51,,,,,,
43,33.9,37.08,51.61,43.32,,,,,,
44,33.8,37.51,52.13,42.19,,,,,,
45,33.77,37.55,52.92,42.03,,,,,,
46,34.19,38.15,53.26,43.27,,,,,,
47,34.32,38.15,54.47,43.55,,,,,,
48,34.56,38.37,54.69,43.95,,,,,,
49,34.59,38.74,55.7,44.48,,,,,,
50,35.02,39.23,55.85,44.82,,,,,,
51,34.9,39.77,56.55,45.57,,,,,,
52,34.78,39.92,57.31,45.91,,,,,,
53,35.29,40.54,57.65,46.33,,,,,,
54,35.47,40.65,58.74,46.59,,,,,,
55,35.72,41.06,59.66,46.78,,,,,,
56,35.95,41.2,60.14,47.19,,,,,,
57,35.88,41.89,60.32,48.07,,,,,,
58,36.05,42.54,61.23,47.25,,,,,,
59,36.28,42.81,61.75,48.03,,,,,,
60,36.62,43.23,62.13,49.05,,,,,,
61,36.76,43.62,63.42,49.15,,,,,,
62,36.87,44.18,63.83,49.52,,,,,,
63,36.88,44.59,64.28,49.57,,,,,,
64,37.18,44.88,65.69,50.22,,,,,,
65,37.12,45.32,65.72,50.74,,,,,,
66,37.44,45.65,66.43,51.79,,,,,,
67,37.8,46.16,67.01,52.97,,,,,,
68,38.1,46.79,67.66,52.42,,,,,,
69,38.39,47.52,68.65,53.36,,,,,,
70,38.64,47.88,68.94,53.28,,,,,,
71,38.57,48.18,69.59,53.86,,,,,,
72,39.13,48.56,70.67,54.56,,,,,,
73,39.12,49.21,71.34,54.77,,,,,,
74,39.3,49.51,71.53,54.81,,,,,,
75,39.47,49.99,71.87,54.38,,,,,,
76,39.87,50.64,72.77,55.54,,,,,,
77,40.08,50.98,73.28,55.85,,,,,,
78,40.5,51.92,74.05,56.73,,,,,,
79,40.69,52.07,75.63,57.22,,,,,,
80,40.86,52.34,75.49,57.61,,,,,,
81,41.28,53.31,76.54,58.05,,,,,,
82,41.68,53.62,77.41,58.45,,,,,,
83,42.03,54,78.08,58.22,,,,,,
84,42.14,54.71,78.3,58.45,,,,,,
85,42.69,55.43,79.19,59.76,,,,,,
86,42.81,55.89,79.06,60.43,,,,,,
87,43.33,56.48,79.9,60.39,,,,,,
88,43.46,57.17,81.16,61.25,,,,,,
89,43.91,57.35,81.55,60.19,,,,,,
90,44.31,58.29,82.66,61.9,,,,,,
91,44.67,58.73,83.11,61.87,,,,,,
92,45.26,59.42,83.39,62.41,,,,,,
93,45.47,59.85,84.89,63.9,,,,,,
94,46.04,60.47,85.15,63.12,,,,,,
95,46.16,61.07,86.55,63.7,,,,,,
96,46.72,62.08,86.86,64.29,,,,,,
97,47.36,62.21,87.14,63.87,,,,,,
98,47.67,63.17,88.31,65.57,,,,,,
99,48.14,63.32,87.55,64.95,,,,,,
100,48.41,64.04,89.35,64.21,,,,,,
101,49,64.98,90.3,66.11,,,,,,
102,49.49,65.2,90.57,65.19,,,,,,
103,49.65,66.01,90.86,66.03,,,,,,
104,50.22,66.45,91.99,65.62,,,,,,
105,50.67,67.09,92.28,66.38,,,,,,
106,51.06,67.62,93.45,66.79,,,,,,
107,51.61,68.1,94.24,66.64,,,,,,
108,52.24,68.95,93.7,66.41,,,,,,
109,52.64,69.43,94.9,67.72,,,,,,
110,53,69.73,95.03,67.41,,,,,,
111,53.53,70.66,95.53,68.01,,,,,,
112,53.97,71.49,96.17,68.02,,,,,,
113,54.56,72.18,96.85,68.16,,,,,,
114,55.09,72.88,96.45,68.55,,,,,,
115,55.49,73.24,96.12,68.95,,,,,,
116,56.05,74.04,97.33,68.5,,,,,,
117,56.62,74.5,97.12,68.69,,,,,,
118,56.9,75.11,97.32,69.7,,,,,,
119,57.35,75.83,97.65,69.87,,,,,,
120,57.64,76.47,96.72,71.56,,,,,,
121,58.33,76.83,96.8,72.02,,,,,,
122,59.09,77.35,96.65,74.24,,,,,,
123,59.35,78.31,98.1,74.5,,,,,,
124,60.03,78.95,97.72,75.7,,,,,,
125,60.76,79.08,96.88,76.42,,,,,,
126,60.84,80.24,97.33,77.17,,,,,,
127,61.29,80.25,97.48,78.79,,,,,,
128,61.78,81.25,97.53,78.38,,,,,,
129,62.24,81.6,97.32,79.7,,,,,,
130,62.56,82.44,97.86,80.79,,,,,,
131,63.24,82.78,98.1,80.38,,,,,,
132,63.58,83.42,96.46,80.47,,,,,,
133,64.31,83.86,97.32,81.39,,,,,,
134,64.42,84.69,97.32,83.16,,,,,,
135,65.32,85.25,97.61,86.06,,,,,,
136,65.4,85.45,97.27,87.26,,,,,,
137,65.83,85.78,97.58,87.97,,,,,,
138,66.49,86.84,97.28,87.45,,,,,,
139,66.82,86.98,97.01,87.39,,,,,,
140,67.69,87.57,97.61,88.15,,,,,,
141,67.89,87.91,97.46,88.06,,,,,,
142,68.3,88.44,97.39,88.12,,,,,,
143,68.39,88.65,96.83,88.7,,,,,,
144,69.41,88.61,97.75,88.36,,,,,,
145,69.39,89.66,97.61,90.01,,,,,,
146,69.86,89.72,97.89,89.76,,,,,,
147,69.89,89.67,98.36,89.91,,,,,,
148,70.82,90.08,98.87,90.41,,,,,,
149,70.94,90.13,98,90.23,,,,,,
150,71.38,90.59,98.55,89.68,,,,,,
151,71.52,91.02,98.17,90.27,,,,,,
152,71.9,90.98,98.84,90.64,,,,,,
153,72.61,91.34,98.69,90.58,,,,,,
154,72.95,91.76,99.76,89.99,,,,,,
155,72.98,92.03,98.68,91.06,,,,,,
156,73.68,92.17,99.17,92,,,,,,
157,73.81,92.22,98.68,91.21,,,,,,
158,74.08,92.46,97.97,91.78,,,,,,
159,74.54,92.83,98.11,91.39,,,,,,
160,75.05,92.51,98.26,92.18,,,,,,
161,75.18,92.46,98.66,91.54,,,,,,
162,75.63,92.87,98.91,91.78,,,,,,
163,75.99,92.71,98.61,92.12,,,,,,
164,76.01,92.79,98.16,91.71,,,,,,
165,76.49,92.51,98.48,93.27,,,,,,
166,76.92,92.75,98.62,92.33,,,,,,
167,77.08,92.45,98.88,92.99,,,,,,
168,77.93,92.53,100.13,93.15,,,,,,
169,78.36,92.83,100.29,92.97,,,,,,
170,78.31,92.57,98.24,93.71,,,,,,
171,78.82,92.92,98.96,93.37,,,,,,
172,79.14,92.8,100.61,93.1,,,,,,
173,79.52,92.79,101.02,94.47,,,,,,
174,79.87,93.05,99.37,93.25,,,,,,
175,80.06,92.78,98.05,93.8,,,,,,
176,80.52,92.76,99.51,93.38,,,,,,
177,80.59,93.31,97.91,94.09,,,,,,
178,80.85,93.11,98.24,93.35,,,,,,
179,81.11,93.06,99.8,93.09,,,,,,
180,81.34,92.67,96.74,92.49,,,,,,
181,81.64,93.24,97.89,94.86,,,,,,
182,82.18,92.72,102.24,93.38,,,,,,
183,82.2,92.73,98.46,93.66,,,,,,
184,82.59,93.1,99.87,94,,,,,,
185,82.63,93.04,99.96,93.76,,,,,,
186,83.15,93.17,101.72,92.81,,,,,,
187,83.1,92.92,100.07,93.43,,,,,,
188,83.4,93.19,99.52,93.43,,,,,,
189,83.55,93.12,101.62,93.31,,,,,,
190,84.03,92.57,99.34,94.21,,,,,,
191,84.28,93.13,99.44,94.16,,,,,,
192,84.51,92.6,99.32,94.11,,,,,,
193,84.8,93.08,100.38,94.97,,,,,,
194,84.63,92.83,100.6,93.98,,,,,,
195,85.13,92.99,98.98,93.94,,,,,,
196,85.02,92.76,101.84,94.62,,,,,,
197,85.42,92.78,101.99,93.48,,,,,,
198,85.53,92.78,100.01,93.17,,,,,,
199,85.73,92.89,100.08,94.61,,,,,,
200,85.98,92.76,100.62,93.94,,,,,,
201,86.38,92.91,98.21,94.33,,,,,,
202,86.56,92.73,98.93,94.01,,,,,,
203,86.43,92.67,98.9,94.12,,,,,,
204,86.71,93,99.49,93.68,,,,,,
205,87.08,93,102.09,94.17,,,,,,
206,87.85,92.99,99.59,93.76,,,,,,
207,87.89,93.08,99.71,94.18,,,,,,
208,87.58,92.72,100.19,93.68,,,,,,
209,88.01,92.97,100.65,93.11,,,,,,
210,88.15,93.02,100.77,94.86,,,,,,
211,88.31,93.05,99.09,93.73,,,,,,
212,88.83,92.59,101.86,93.28,,,,,,
213,89.03,93.13,101.11,93.85,,,,,,
214,89.08,92.91,100.46,93.67,,,,,,
215,89.02,93.09,99.13,94.29,,,,,,
216,89.52,92.96,100.33,93.86,,,,,,
217,89.85,92.75,98.43,93.5,,,,,,
218,89.17,92.96,98.81,92.27,,,,,,
219,89.09,92.96,99.72,93.58,,,,,,
220,89.29,92.94,101.47,94.37,,,,,,
221,89.24,92.62,98.68,93.43,,,,,,
222,88.89,92.44,101.37,93.84,,,,,,
223,89.47,92.7,101.12,93.79,,,,,,
224,89.39,92.95,99.24,94.03,,,,,,
225,90.42,92.88,99.8,95.53,,,,,,
226,89.91,92.93,98.6,94.01,,,,,,
227,89.72,92.65,99.78,93.82,,,,,,
228,89.59,92.77,101.96,93.14,,,,,,
229,89.82,92.96,99.77,93.74,,,,,,
230,89.53,92.76,100.36,93.48,,,,,,
231,89.37,92.97,101.73,93.93,,,,,,
232,90,93.37,99.17,94.21,,,,,,
233,90.05,92.5,96.9,94.32,,,,,,
234,90.17,92.86,102.38,93.77,,,,,,
235,90.01,92.99,100.56,93.42,,,,,,
236,90.26,92.86,97.05,93.04,,,,,,
237,90.44,92.96,99.49,93.04,,,,,,
238,90.09,92.96,99.62,93.6,,,,,,
239,90.27,93.27,99.41,94.35,,,,,,
240,90.88,92.8,98.86,93.13,,,,,,
241,90.76,93.04,100.08,93.94,,,,,,
242,90.52,92.8,98.17,94.88,,,,,,
243,90.7,92.73,98.29,94.35,,,,,,
244,90.91,93.26,100.92,93.54,,,,,,
245,90.77,92.91,97.57,94.49,,,,,,
246,90.82,92.54,99.95,94.46,,,,,,
247,91.17,92.75,99.8,93.39,,,,,,
248,90.92,92.94,98.12,93.22,,,,,,
249,91.1,92.92,100.17,92.88,,,,,,
250,90.85,92.65,98.17,93.04,,,,,,
251,90.9,93.18,100.2,92.38,,,,,,
252,90.95,92.72,99.08,93.95,,,,,,
253,91.37,92.65,99.4,93.26,,,,,,
254,91.59,92.72,99.48,93.02,,,,,,
255,91.3,92.53,99.42,94.29,,,,,,
256,91.03,92.88,100.68,94.06,,,,,,
257,91.16,92.99,97.59,93.76,,,,,,
258,91.51,92.86,98.67,93.73,,,,,,
259,91.58,93.13,97.57,94.14,,,,,,
260,91.44,93.01,100.93,93.23,,,,,,
261,91.34,93.04,98.03,94.41,,,,,,
262,91.69,93.12,97.41,93.25,,,,,,
263,91.74,92.64,97.79,94.65,,,,,,
264,91.42,93.34,98.28,93.31,,,,,,
265,91.84,92.7,95.71,95.27,,,,,,
266,91.49,93.13,99.27,93.55,,,,,,
267,92.03,92.83,99.01,94.15,,,,,,
268,91.59,93.09,101.44,93.03,,,,,,
269,91.96,93.09,99.31,93.28,,,,,,
270,91.96,92.93,99.38,93.83,,,,,,
271,92.18,92.8,98.24,93.54,,,,,,
272,92.09,92.71,98.08,94.22,,,,,,
273,91.87,93.04,100.78,93.85,,,,,,
274,91.96,92.99,101.24,93.47,,,,,,
275,92.22,92.89,96.95,94.56,,,,,,
276,91.59,93.02,99.22,93.97,,,,,,
277,92.08,93.08,100.45,92.41,,,,,,
278,92.43,92.78,97.49,93.27,,,,,,
279,91.85,92.97,98.05,93.47,,,,,,
280,91.98,92.85,99.56,93.89,,,,,,
281,92.45,92.43,99.46,94.08,,,,,,
282,91.96,93.02,99.39,95.23,,,,,,
283,92.17,92.81,99.38,93.68,,,,,,
284,91.75,92.41,96.78,93.21,,,,,,
285,91.77,92.44,98.82,93.83,,,,,,
286,92.14,92.65,100.36,93.35,,,,,,
287,91.94,93.06,97.25,93.19,,,,,,
288,92.09,92.72,99,93.97,,,,,,
289,92.18,92.99,99.83,93.65,,,,,,
290,91.97,92.57,99.18,94.05,,,,,,
291,92.25,92.69,99.41,94.06,,,,,,
292,92.41,92.64,98.76,94.1,,,,,,
293,91.97,93.14,100.72,94.1,,,,,,
294,92.43,92.76,98.93,94.72,,,,,,
295,91.92,92.97,100.72,94.19,,,,,,
296,91.88,93.15,98.52,93.3,,,,,,
297,92.39,92.56,98.56,93.9,,,,,,
298,92.26,92.9,97.63,93.94,,,,,,
299,92.18,92.78,97.98,94.02,,,,,,
300,92.02,92.55,100.13,93.5,,,,,,
301,92.49,92.96,97.65,93.28,,,,,,
302,92.04,92.96,99.34,94.21,,,,,,
303,92.36,92.64,99.62,92.25,,,,,,
304,92.15,92.72,96.04,93.39,,,,,,
305,92.17,92.78,99.06,93.61,,,,,,
306,92.31,92.81,98.97,92.51,,,,,,
307,92.33,92.88,99.1,92.24,,,,,,
308,92.22,92.54,97.85,93.59,,,,,,
309,91.91,93.03,99.09,93.35,,,,,,
310,92.12,93.14,98.76,93.17,,,,,,
311,92.4,92.89,98.02,93.44,,,,,,
312,91.9,92.97,98.08,92.59,,,,,,
313,91.81,92.81,98.45,93.42,,,,,,
314,92.29,92.94,98.82,93.8,,,,,,
315,92.12,93.06,99.05,92.63,,,,,,
316,91.99,92.54,98.06,93.99,,,,,,
317,92.17,92.47,99,92.72,,,,,,
318,92.41,92.94,99.61,92,,,,,,
319,92.23,93.13,98.49,92.6,,,,,,
320,92.65,92.82,99.55,93.32,,,,,,
321,92.27,92.54,99.16,92.92,,,,,,
322,92,93.03,98.64,93.86,,,,,,
323,92.24,92.55,98.43,92.49,,,,,,
324,92.27,92.89,97.65,92.04,,,,,,
325,92.1,92.97,98.24,93.29,,,,,,
326,92.5,92.49,98.68,93.6,,,,,,
327,92.28,92.76,98.36,92.73,,,,,,
328,92.1,93.27,100.61,94.15,,,,,,
329,92.45,92.98,99.4,92.55,,,,,,
330,92.31,92.81,97.22,93.34,,,,,,
331,92.14,92.73,99.63,92.7,,,,,,
332,92.5,92.32,98.05,93.37,,,,,,
333,92.12,92.8,98.83,93.15,,,,,,
334,91.86,92.86,99.77,93.24,,,,,,
335,92.1,92.93,99.57,92.39,,,,,,
336,92.41,92.89,98.42,92.07,,,,,,
337,92.57,92.97,96.2,92.52,,,,,,
338,92.35,92.52,99.32,92.39,,,,,,
339,92.46,92.83,98.67,92.6,,,,,,
340,92.28,93.08,98.92,93.43,,,,,,
341,92.07,92.94,98.9,93.58,,,,,,
342,92.56,92.74,98.12,92.18,,,,,,
343,92.2,93.32,96.61,92.35,,,,,,
344,92.15,93.25,98.17,93.49,,,,,,
345,92.42,92.77,99.33,93.19,,,,,,
346,92.62,92.52,98.02,93.64,,,,,,
347,91.93,93.13,99.14,93,,,,,,
348,92.18,92.94,99.6,93.54,,,,,,
349,92.62,92.73,98.92,92.38,,,,,,
350,92.32,93.09,98.14,91.13,,,,,,
351,92.52,92.76,96.4,92.5,,,,,,
352,92.19,92.46,97.22,93.2,,,,,,
353,92.52,92.52,99.97,93.19,,,,,,
354,92.1,92.87,98.67,93.73,,,,,,
355,92.13,92.67,98.85,92.76,,,,,,
356,92.15,92.37,97.07,92.43,,,,,,
357,92.06,93.11,98,93.14,,,,,,
358,92.61,92.59,98.29,92.73,,,,,,
359,92.46,92.64,98.7,93.61,,,,,,
360,91.86,92.74,97.46,93.11,,,,,,
361,92.36,92.43,98.17,91.92,,,,,,
362,92.18,92.96,98.09,92.92,,,,,,
363,92.46,92.67,97.69,92.49,,,,,,
364,92.46,92.37,98.1,93.65,,,,,,
365,92.28,92.81,97.77,93.46,,,,,,
366,92.18,92.98,98.95,93.03,,,,,,
367,92.49,92.86,98.85,91.72,,,,,,
368,92,92.82,99.25,93.27,,,,,,
369,92.6,92.64,97.78,92.73,,,,,,
370,92.38,92.57,97.78,93.23,,,,,,
371,92.01,92.49,97.79,91.91,,,,,,
372,92.34,92.88,96.08,93.09,,,,,,
373,92.07,92.47,96.72,93.36,,,,,,
374,92.52,92.56,96.75,92.62,,,,,,
375,92.04,92.92,98.17,93.22,,,,,,
376,92.48,92.58,98.98,92.47,,,,,,
377,92.12,92.41,98.33,92.7,,,,,,
378,92.18,92.69,98.52,92.88,,,,,,
379,92.62,92.4,98.59,93.14,,,,,,
380,91.97,92.62,98.33,93.08,,,,,,
381,92.38,92.6,97.82,93.13,,,,,,
382,92.41,92.64,97.32,93.76,,,,,,
383,92.22,92.31,98.24,92.93,,,,,,
384,92.13,92.72,98.08,92.64,,,,,,
385,92.28,92.65,98.28,92.86,,,,,,
386,92.18,92.89,96.95,92.82,,,,,,
387,92.26,92.69,98.73,94.23,,,,,,
388,92.15,92.64,98.69,92.83,,,,,,
389,92.24,92.76,97.78,92.11,,,,,,
390,92.05,92.99,96.89,92.81,,,,,,
391,92.17,92.84,96.82,92.78,,,,,,
392,92.1,92.73,97.4,93.4,,,,,,
393,92.4,93.19,99,93.66,,,,,,
394,92.14,92.68,98.16,93.79,,,,,,
395,92.73,93.24,96.41,92.7,,,,,,
396,92.14,92.5,96.59,93.17,,,,,,
397,92.27,92.6,97.86,93.91,,,,,,
398,92.06,93.04,97.44,93.04,,,,,,
399,92.32,92.72,98.8,93.52,,,,,,
400,92.54,92.76,97.06,92.87,,,,,,
401,92.57,92.86,96.87,93.53,,,,,,
402,92.42,92.53,98.03,92.41,,,,,,
403,92.12,93.12,98.4,93.54,,,,,,
404,92.45,92.8,96.85,92.21,,,,,,
405,92.22,93.02,97.49,93.09,,,,,,
406,92.59,92.78,97.52,93.38,,,,,,
407,92.05,92.63,97.27,93.81,,,,,,
408,92.45,92.66,98.14,92.7,,,,,,
409,92.59,92.65,98.13,92.59,,,,,,
410,92.64,92.67,98.76,93.63,,,,,,
411,92.2,92.92,99.1,92.36,,,,,,
412,92.62,92.72,98.82,92.55,,,,,,
413,92.56,92.86,97.61,94.13,,,,,,
414,92.62,92.47,98.33,92.97,,,,,,
415,91.81,92.83,98.67,93.16,,,,,,
416,92.81,92.72,97.65,92.57,,,,,,
417,92.31,92.89,97.96,93.28,,,,,,
418,92.5,92.81,97.7,94.13,,,,,,
419,92.43,92.71,97.38,94.26,,,,,,
420,92.07,92.99,97.12,92.83,,,,,,
421,92.59,92.27,98.68,92.61,,,,,,
422,91.99,92.78,97.45,94.21,,,,,,
423,92.29,92.43,97.55,93.48,,,,,,
424,92.18,92.59,97.05,93.8,,,,,,
425,92.69,92.34,98.31,93.57,,,,,,
426,92.34,92.83,98.46,94.08,,,,,,
427,92.49,93.02,96.33,92.78,,,,,,
428,92.43,92.45,97.47,92.84,,,,,,
429,92.33,92.8,98.57,93.26,,,,,,
430,91.99,92.87,99.17,92.67,,,,,,
431,92.36,92.89,97.68,93.52,,,,,,
432,92.39,92.92,97.96,93.71,,,,,,
433,92.38,92.47,97.16,93.09,,,,,,
434,91.92,92.91,99.82,93.37,,,,,,
435,92.39,92.63,96.27,92.17,,,,,,
436,92.55,92.49,97.45,94.91,,,,,,
437,92.2,92.72,98.81,93.76,,,,,,
438,92.36,93,97.68,92.28,,,,,,
439,92.34,92.52,98.49,92.67,,,,,,
440,92.25,92.73,97.48,93.56,,,,,,
441,92.06,92.67,98.61,93.37,,,,,,
442,92.24,92.99,96.78,92.9,,,,,,
443,92.12,92.38,97.02,93.01,,,,,,
444,92.15,92.85,99.1,92.93,,,,,,
445,92.58,92.7,98.11,92.85,,,,,,
446,92.32,93.27,96.9,93.15,,,,,,
447,92.18,92.31,97.73,93.01,,,,,,
448,92.1,92.82,98.6,93.74,,,,,,
449,92.41,92.89,97.01,92.32,,,,,,
450,92.41,92.44,97.54,93.56,,,,,,
451,92.07,92.96,97.28,93.59,,,,,,
452,92.41,92.69,97.1,92.67,,,,,,
453,92.42,92.52,97.82,92.98,,,,,,
454,92.1,92.65,97.92,94.76,,,,,,
455,92.26,92.67,98.35,92.66,,,,,,
456,92.55,93.11,98.02,92.23,,,,,,
457,92.32,92.36,97.8,93.06,,,,,,
458,92.46,92.8,96.79,93.54,,,,,,
459,92.37,92.63,98.66,92.1,,,,,,
460,91.97,93.01,97.02,92.5,,,,,,
461,92.65,92.49,97.39,92.9,,,,,,
462,91.79,92.86,98.01,93.15,,,,,,
463,92.52,93.22,97.48,93.5,,,,,,
464,92.37,92.62,98.08,93.58,,,,,,
465,92.41,92.92,99.18,92.26,,,,,,
466,92.5,92.88,96.6,93.67,,,,,,
467,92.41,92.62,97.18,93.21,,,,,,
468,92.12,92.76,98.19,93.55,,,,,,
469,92.41,93.07,97.21,93.49,,,,,,
470,92.48,92.8,98.13,93.89,,,,,,
471,92.33,92.92,98.73,92.56,,,,,,
472,92.4,93.04,97.32,93.52,,,,,,
473,92.32,92.68,97.67,93.86,,,,,,
474,92.23,92.82,98.24,93.69,,,,,,
475,92.29,92.65,97.52,93.28,,,,,,
476,92.68,92.89,98.09,93.43,,,,,,
477,92.09,93.01,96.61,93.31,,,,,,
478,92.53,92.36,98.36,94.01,,,,,,
479,92.16,92.7,97.88,93.16,,,,,,
480,92.35,92.54,97.69,93.94,,,,,,
481,92.16,92.81,98.74,92.63,,,,,,
482,92.41,92.92,97.57,92.64,,,,,,
483,92.14,92.75,97.97,92.23,,,,,,
484,92.17,92.8,96.05,93.15,,,,,,
485,92.54,92.54,97.68,94.05,,,,,,
486,92.17,92.87,96.53,93.44,,,,,,
487,92.66,92.75,97.47,94,,,,,,
488,92.18,92.95,98.21,93.95,,,,,,
489,92.6,92.68,98.26,94.13,,,,,,
490,92.36,92.7,98.51,93.56,,,,,,
491,92.34,92.55,98.52,93.11,,,,,,
492,92.04,92.8,96.98,92.46,,,,,,
493,92.8,92.92,98.85,93.52,,,,,,
494,91.88,92.88,97.3,93.03,,,,,,
495,92.47,92.76,97.23,93.79,,,,,,
496,92.09,93.09,96.77,93.11,,,,,,
497,92.69,92.6,97.66,94.73,,,,,,
498,92.18,92.75,97.42,93.8,,,,,,
499,92.5,92.64,98.63,94.51,,,,,,
500,92.23,92.72,96.82,93.35,,,,,,
501,92.33,92.87,98.19,94.16,,,,,,
502,91.88,92.79,98.63,93.74,,,,,,
503,92.3,92.35,97.83,97.08,,,,,,
504,91.83,92.98,97.55,94,,,,,,
505,92.39,92.62,98.24,93.45,,,,,,
506,92.18,92.63,97.41,93.74,,,,,,
507,92.17,92.45,98.05,94.01,,,,,,
508,92.39,93.06,97.59,93.42,,,,,,
509,92.14,92.53,98.58,93.61,,,,,,
510,92.17,92.8,96.95,93.65,,,,,,
511,92.46,92.65,97,93.22,,,,,,
512,92.14,92.92,98.03,92.96,,,,,,
513,92.31,93,97.48,93.25,,,,,,
514,92.23,92.94,98.23,93.28,,,,,,
515,92.13,92.81,97.52,93.08,,,,,,
516,92.21,92.78,97.25,93.44,,,,,,
517,91.95,92.6,98.38,92.39,,,,,,
518,92.69,93.22,98.16,93.36,,,,,,
519,92.22,92.66,98.6,92.04,,,,,,
520,92.57,92.73,97.53,93.75,,,,,,
521,91.85,92.72,98.08,94,,,,,,
522,92.64,92.6,99.04,94.18,,,,,,
523,92.14,93.22,97.45,93.82,,,,,,
524,92.14,92.67,98.5,92.49,,,,,,
525,92.27,92.85,97.72,93.92,,,,,,
526,91.9,92.92,98.81,94.16,,,,,,
527,92.64,92.8,98.81,93.65,,,,,,
528,92.02,92.72,96.9,93.38,,,,,,
529,92.42,92.53,99.11,93.07,,,,,,
530,92.36,93.15,97.28,93.47,,,,,,
531,92.28,92.83,99.65,92.91,,,,,,
532,91.91,92.84,97.26,93.74,,,,,,
533,92.15,92.81,99.25,92.8,,,,,,
534,91.97,92.69,99.63,93.66,,,,,,
535,92.03,92.65,96.92,93.61,,,,,,
536,92.73,92.57,97.08,93.55,,,,,,
537,92.42,93.08,97.45,94.16,,,,,,
538,92.05,92.78,98.76,92.8,,,,,,
539,92.41,92.62,98.67,93.81,,,,,,
540,92.23,92.66,98.8,93.47,,,,,,
541,92.24,92.46,98.08,92.82,,,,,,
542,92.33,92.81,98.46,94.04,,,,,,
543,92.29,92.77,98.91,93.07,,,,,,
544,92.35,92.96,98.08,93.87,,,,,,
545,92.12,92.69,99.05,93.94,,,,,,
546,92.2,92.41,98.38,93.66,,,,,,
547,92.18,93.01,96.25,94.43,,,,,,
548,92.3,93.11,98.21,93.23,,,,,,
549,92.11,92.89,97.8,93.08,,,,,,
550,91.89,92.96,98.76,93.92,,,,,,
551,92.54,92.26,98.41,93.92,,,,,,
552,92.39,92.91,97.67,92.3,,,,,,
553,92,92.72,97.88,93.96,,,,,,
554,92.15,92.72,97.54,94.8,,,,,,
555,92.28,92.47,98.59,92.13,,,,,,
556,92.47,92.42,98.57,92.17,,,,,,
557,92.15,92.75,98.76,93.84,,,,,,
558,91.8,92.63,97.94,93.74,,,,,,
559,92.27,92.62,97.93,94.53,,,,,,
560,92.32,92.64,97.53,93.42,,,,,,
561,92.47,92.87,97.43,92.55,,,,,,
562,92.45,93.03,97.85,93.36,,,,,,
563,91.99,92.97,98.52,93.78,,,,,,
564,92.49,92.44,98.47,92.26,,,,,,
565,92.33,93.4,96.72,93.41,,,,,,
566,92.02,92.77,98.79,94.36,,,,,,
567,92.54,92.36,97.88,93.16,,,,,,
568,92.35,92.94,96.95,93.68,,,,,,
569,92.01,92.97,97.68,93.97,,,,,,
570,92.5,92.53,97.29,92.56,,,,,,
571,92.32,92.79,97.34,94.14,,,,,,
572,92.42,92.77,98.3,94.11,,,,,,
573,92.37,92.54,99.26,93.63,,,,,,
574,92.44,92.62,99.01,94.15,,,,,,
575,92.06,92.86,98.42,92.76,,,,,,
576,92.19,92.62,99.02,93.66,,,,,,
577,92.57,93.07,98.79,93.01,,,,,,
578,92.57,93.17,98.21,94.45,,,,,,
579,92.25,92.64,98.47,93.4,,,,,,
580,92.81,92.69,97.39,93.42,,,,,,
581,92.24,92.71,98.56,93.81,,,,,,
582,92.39,92.84,97.99,93.37,,,,,,
583,92.44,92.7,99.05,93.04,,,,,,
584,92.32,92.63,98.58,94.14,,,,,,
585,92.42,92.78,97.66,94,,,,,,
586,91.88,93.09,98.46,93.57,,,,,,
587,92.73,92.32,98.07,93.46,,,,,,
588,92.2,93.2,97.8,93.93,,,,,,
589,92.11,92.72,97.97,93.67,,,,,,
590,92.33,92.61,99.38,93.21,,,,,,
591,92.59,92.27,98.14,92.52,,,,,,
592,92.51,92.99,98.81,94.46,,,,,,
593,92.03,92.84,97.4,92.8,,,,,,
594,92.2,92.6,97.32,94.06,,,,,,
595,92.41,92.52,98.45,93.3,,,,,,
596,92.59,92.54,98.52,93.69,,,,,,
597,92.01,93.25,98.03,93.79,,,,,,
598,91.95,92.78,98.1,93.39,,,,,,
599,92.49,92.8,98.52,93.19,,,,,,
600,92.47,92.8,98.55,93.84,,,,,,
601,92.02,92.83,98.23,94.98,,,,,,
602,92.06,92.58,97.25,93.58,,,,,,
603,92.42,93.1,98.07,93.94,,,,,,
604,92.47,92.55,98.83,93.41,,,,,,
605,92.36,92.27,98.7,93.23,,,,,,
606,92.44,92.81,98.26,93.15,,,,,,
607,92.23,93.04,97.77,94.13,,,,,,
608,92.1,92.92,96.92,94.61,,,,,,
609,92.25,92.9,98.57,93.97,,,,,,
610,92.34,92.63,98,93.56,,,,,,
611,92.28,92.8,98.78,93.41,,,,,,
612,92.76,92.94,98.52,92.61,,,,,,
613,92.41,92.84,99.35,93.62,,,,,,
614,91.93,92.86,98.02,94.59,,,,,,
615,92.27,92.82,97.09,93.54,,,,,,
616,92.39,92.94,98.36,93.8,,,,,,
617,92.62,92.73,98.94,93.02,,,,,,
618,92.14,92.91,98.26,92.91,,,,,,
619,91.97,92.34,98.53,92.96,,,,,,
620,92.02,92.93,99.1,93.52,,,,,,
621,91.87,93,97.37,94.75,,,,,,
622,92.02,92.64,97.79,93.97,,,,,,
623,92.46,92.83,97.67,93.06,,,,,,
624,92.64,93.14,98.64,93.09,,,,,,
625,92.29,92.83,99,92.92,,,,,,
626,92.55,92.64,98.59,92.79,,,,,,
627,92.24,92.75,98.46,93.71,,,,,,
628,91.92,92.78,97.82,94,,,,,,
629,92,92.55,97.36,94.13,,,,,,
630,91.81,93.06,97.91,94.24,,,,,,
631,92.01,92.44,97.61,94.11,,,,,,
632,92.09,92.87,97.25,94.41,,,,,,
633,92.52,92.91,97.62,94.75,,,,,,
634,92.63,92.92,98.81,93.33,,,,,,
635,92.25,92.61,98.38,93.29,,,,,,
636,92.23,92.59,98.56,92.8,,,,,,
637,92.1,92.17,97.52,92.98,,,,,,
638,92.31,92.47,98.19,93.14,,,,,,
639,92.29,92.56,98.36,93.82,,,,,,
640,91.72,92.55,98.63,94.73,,,,,,
641,92.22,92.83,96.94,93.52,,,,,,
642,92.09,92.78,98.23,94.05,,,,,,
643,91.96,92.66,98.46,94.29,,,,,,
644,91.99,92.97,96.84,93.97,,,,,,
645,92.1,92.43,98.2,93.64,,,,,,
646,92.41,92.79,98.87,95.23,,,,,,
647,92.39,92.95,100.09,93.67,,,,,,
648,92.51,92.38,98.4,93.14,,,,,,
649,92.42,92.51,98.53,92.84,,,,,,
650,92.26,92.49,98.46,93.48,,,,,,
651,92.46,92.59,98.35,93.61,,,,,,
652,92.15,92.8,98.47,94.05,,,,,,
653,92.15,93.25,98.67,94.2,,,,,,
654,91.64,92.84,99.12,94.24,,,,,,
655,92.07,92.87,97.51,94,,,,,,
656,91.66,92.72,97.76,94.55,,,,,,
657,91.97,92.71,98.14,93.53,,,,,,
658,91.97,92.44,97.59,93.29,,,,,,
659,91.88,92.87,98.53,94.2,,,,,,
660,92.29,92.7,97.73,93.62,,,,,,
661,92.1,92.55,98.99,94.53,,,,,,
662,92.31,92.64,98.41,93.38,,,,,,
663,92.35,92.63,99.07,94.06,,,,,,
664,92.04,92.99,98.47,93.54,,,,,,
665,92.39,92.75,98.75,93.52,,,,,,
666,91.85,92.84,99.13,94,,,,,,
667,91.94,92.63,98.83,93.43,,,,,,
668,92.24,92.48,98.98,93.69,,,,,,
669,92.28,92.76,98.57,93.4,,,,,,
670,91.9,92.91,98.17,93.45,,,,,,
671,92.2,92.67,97.24,93.61,,,,,,
672,91.92,92.54,97.91,93.61,,,,,,
673,91.96,93.01,97.87,94.13,,,,,,
674,92.12,92.88,97.54,94.49,,,,,,
675,91.75,92.65,97.11,95.21,,,,,,
676,91.87,92.92,97.75,94.06,,,,,,
677,92.05,93.11,98.2,94.89,,,,,,
678,92.22,92.75,98.92,94.16,,,,,,
679,92.19,92.84,98.68,92.66,,,,,,
680,92.21,92.58,98.18,93.29,,,,,,
681,92.7,92.52,98,92.44,,,,,,
682,92.64,92.95,99.51,94.47,,,,,,
683,92.51,92.69,99.26,93.84,,,,,,
684,92.18,92.81,99.37,93.16,,,,,,
685,92.69,93.04,97.83,93.73,,,,,,
686,92.08,92.95,99.05,94.21,,,,,,
687,92.2,92.47,98.09,92.46,,,,,,
688,92.25,92.4,99.27,92.73,,,,,,
689,92.29,92.31,98.59,93.96,,,,,,
690,92.1,92.78,98.57,93.93,,,,,,
691,92.07,93.15,97.53,93.76,,,,,,
692,92.7,93.19,98.8,94.23,,,,,,
693,92.36,92.42,98.68,91.76,,,,,,
694,92.28,92.63,99.52,91.65,,,,,,
695,91.97,92.7,99.22,94.33,,,,,,
696,91.46,92.76,97.4,93.85,,,,,,
697,92.24,92.97,98.05,94.97,,,,,,
698,92.35,92.89,99.82,92.85,,,,,,
699,92.34,92.56,99.87,92.79,,,,,,
700,91.86,92.31,98.57,92.9,,,,,,
701,91.82,92.67,97.84,94.07,,,,,,
702,92.2,92.72,97.74,94.3,,,,,,
703,92.62,92.22,98.43,91.88,,,,,,
704,92.44,92.11,100.14,92.54,,,,,,
705,92,92.47,98.62,93.71,,,,,,
706,92.07,92.77,97.77,93.55,,,,,,
707,92.15,93.05,98.83,92.91,,,,,,
708,92.44,92.57,99.82,93.2,,,,,,
709,91.95,92.81,99.1,92.73,,,,,,
710,92.22,93.06,97.52,94.48,,,,,,
711,92.08,92.65,98.66,92.69,,,,,,
712,92.05,92.65,99.24,94.03,,,,,,
713,92.4,92.71,97.38,93.88,,,,,,
714,92.39,92.78,98.23,91.94,,,,,,
715,92.3,92.33,99.78,93.05,,,,,,
716,91.76,92.7,99.05,93.01,,,,,,
717,92.1,92.99,98.39,94.15,,,,,,
718,92.36,92.72,98.75,92.51,,,,,,
719,92.25,92.76,99.16,91.83,,,,,,
720,92.17,93.07,96.91,93,,,,,,
721,92.07,93.11,98.69,93.02,,,,,,
722,92.49,92.37,99.16,92.41,,,,,,
723,91.83,92.62,99.35,93.66,,,,,,
724,91.92,92.84,98.21,93.31,,,,,,
725,91.97,93.29,98.3,93.07,,,,,,
726,92.15,92.39,99.14,93.18,,,,,,
727,91.91,92.97,98.19,93.57,,,,,,
728,91.87,92.76,100.19,93.62,,,,,,
729,92.31,92.38,98.65,93.13,,,,,,
730,92.08,92.71,99.45,93.38,,,,,,
731,92.38,93.09,97.89,93.4,,,,,,
732,92.5,92.87,99.05,92.9,,,,,,
733,92,92.68,100.34,92.48,,,,,,
734,91.57,92.96,98.49,92.94,,,,,,
735,92.15,93.15,98.73,92.81,,,,,,
736,92.41,92.23,99.31,92.62,,,,,,
737,91.55,92.79,99.02,93.32,,,,,,
738,92.05,92.94,99.22,93.88,,,,,,
739,92.38,92.44,99.93,92.7,,,,,,
740,91.82,92.25,100,93.99,,,,,,
741,91.96,92.73,97.87,94.2,,,,,,
742,92.15,92.64,98.03,93.21,,,,,,
743,92.3,92.69,100.04,93.43,,,,,,
744,91.97,92.69,96.71,93.69,,,,,,
745,92.07,92.92,99.39,93.13,,,,,,
746,92.27,92.61,99.13,92.92,,,,,,
747,91.95,92.91,99.28,94.31,,,,,,
748,92.1,92.83,98.68,92.84,,,,,,
749,92.29,92.49,99.14,93.16,,,,,,
750,91.97,92.85,98.8,93.43,,,,,,
751,92.2,92.86,98.87,92.91,,,,,,
752,92.07,92.57,99.08,92.73,,,,,,
753,92.34,92.65,98.81,93.92,,,,,,
754,92.55,92.86,99.35,93.67,,,,,,
755,92.37,92.24,98.86,92.84,,,,,,
756,92.11,92.67,97.31,93.63,,,,,,
757,92.09,92.72,99.66,92.94,,,,,,
758,91.97,92.44,100.04,93.32,,,,,,
759,92.32,92.62,98.06,93.76,,,,,,
760,92.4,92.67,97.88,91.82,,,,,,
761,91.86,93,98.61,92.64,,,,,,
762,92.29,92.84,98.98,92.92,,,,,,
763,92.2,92.16,98.67,94.15,,,,,,
764,91.83,92.77,98.47,93.42,,,,,,
765,92.38,93.01,99.16,92.98,,,,,,
766,91.92,92.55,99.86,93.76,,,,,,
767,92.23,92.6,98.97,93.28,,,,,,
768,92.27,92.58,100.1,93.04,,,,,,
769,91.59,92.89,97.45,93.39,,,,,,
770,92.25,92.51,97.79,92.62,,,,,,
771,92,93.2,98.13,93.96,,,,,,
772,92.47,93.04,98.72,91.91,,,,,,
773,91.78,92.92,99.12,93.19,,,,,,
774,92.23,92.74,99.56,92.46,,,,,,
775,92.05,92.94,100.38,93.77,,,,,,
776,91.91,92.42,99.96,92.89,,,,,,
777,91.52,92.58,100.53,92.73,,,,,,
778,92.06,92.18,98.56,93.65,,,,,,
779,92.15,92.55,98.98,93.64,,,,,,
780,92.27,92.59,98.68,94.21,,,,,,
781,92.6,92.88,99.13,92.36,,,,,,
782,92.12,93.02,98.66,93.98,,,,,,
783,92.11,92.59,99.63,91.98,,,,,,
784,91.92,92.79,97.49,93.85,,,,,,
785,92.38,92.63,98.03,92.77,,,,,,
786,92.04,92.46,99,93.78,,,,,,
787,92.44,92.59,99.25,92.78,,,,,,
788,92.07,92.5,99.18,93.4,,,,,,
789,92.17,92.87,99.77,93.43,,,,,,
790,91.95,92.7,98.86,94,,,,,,
791,92.28,92.8,99.68,92.9,,,,,,
792,92.23,92.39,98.46,93.39,,,,,,
793,91.81,92.94,99.72,93.95,,,,,,
794,92.35,92.73,99.16,91.57,,,,,,
795,91.66,92.54,99.73,93.9,,,,,,
796,92.15,92.96,99.18,93.52,,,,,,
797,92.23,92.41,97.82,93.98,,,,,,
798,91.88,92.62,98.78,93.47,,,,,,
799,92.05,92.36,98.69,93.92,,,,,,
800,91.77,92.77,99.72,94.27,,,,,,
801,92.57,92.63,98.97,92.32,,,,,,
802,91.88,92.7,98.59,93.54,,,,,,
803,92.08,92.76,99.07,92.73,,,,,,
804,92.03,92.48,98.45,94.09,,,,,,
805,92.19,92.99,99.94,92.17,,,,,,
806,91.98,92.37,98.7,93.36,,,,,,
807,91.77,92.75,100.77,93.88,,,,,,
808,92.09,92.54,99.25,92.97,,,,,,
809,91.62,93.15,99.68,93.05,,,,,,
810,92.22,92.6,99.13,92.09,,,,,,
811,92.05,92.35,98.44,93.2,,,,,,
812,91.98,92.59,99.26,93.01,,,,,,
813,92.12,92.57,99.18,93.85,,,,,,
814,91.87,92.98,99.76,93.81,,,,,,
815,92.2,92.93,99.37,93.38,,,,,,
816,92.09,92.11,98.31,94.13,,,,,,
817,91.86,92.79,99.87,93.81,,,,,,
818,92.2,92.54,99.32,92.92,,,,,,
819,91.94,92.78,99.29,94.43,,,,,,
820,91.75,92.39,100.82,93.5,,,,,,
821,92.28,92.62,98.25,93.92,,,,,,
822,91.56,93.03,99.52,93.81,,,,,,
823,92.28,92.59,99.62,93.74,,,,,,
824,92.3,92.73,98.76,94.06,,,,,,
825,91.94,92.93,100.15,93.28,,,,,,
826,92.41,92.74,98.57,92.34,,,,,,
827,91.8,92.46,97.79,93.82,,,,,,
828,91.68,92.91,101.63,93.45,,,,,,
829,92.09,92.97,99.3,93.5,,,,,,
830,92.2,92.33,98.92,93.86,,,,,,
831,91.78,92.77,100.69,93.81,,,,,,
832,91.94,92.61,99.59,94.13,,,,,,
833,92.27,92.52,99.59,92.88,,,,,,
834,92.1,92.37,99.12,93.55,,,,,,
835,91.83,92.53,99.36,93.47,,,,,,
836,91.74,92.73,99.1,94.25,,,,,,
837,92.34,92.86,99.27,92.3,,,,,,
838,92.06,92.77,99.27,92.49,,,,,,
839,92.03,92.61,100.47,94.08,,,,,,
840,91.98,92.84,99.84,93.45,,,,,,
841,92.1,92.67,99.47,93.49,,,,,,
842,92.06,92.84,99.59,92.82,,,,,,
843,91.95,92.86,99.29,93.09,,,,,,
844,92.02,93,99.55,93.65,,,,,,
845,92.04,92.96,100.1,93.93,,,,,,
846,91.6,92.94,99.66,93.62,,,,,,
847,92.2,92.59,99.54,92.56,,,,,,
848,92.1,92.73,99.72,91.85,,,,,,
849,92.11,92.7,99.66,94.61,,,,,,
850,92.14,92.17,98.44,93.45,,,,,,
851,91.89,93.08,100.34,93.78,,,,,,
852,91.57,92.94,100.92,93.93,,,,,,
853,91.95,92.63,98.96,92.78,,,,,,
854,92.18,92.49,100.51,92.94,,,,,,
855,92.33,92.55,100.18,92.27,,,,,,
856,92.27,92.97,99.53,92.87,,,,,,
857,92,92.83,99.08,92.53,,,,,,
858,92.21,92.72,99.26,93.28,,,,,,
859,92.19,92.91,99.75,93.55,,,,,,
860,92.2,92.84,99.3,93.93,,,,,,
861,92.15,92.59,98.88,93.88,,,,,,
862,91.72,92.47,98.29,94.59,,,,,,
863,92.27,92.41,99.04,94.08,,,,,,
864,92.13,92.25,98.99,93.88,,,,,,
865,92.38,92.27,99.1,93.01,,,,,,
866,92.09,92.27,100.16,93.53,,,,,,
867,92.23,92.39,99.68,94.46,,,,,,
868,92.25,92.83,99.05,93.69,,,,,,
869,92.67,92.99,98.51,91.62,,,,,,
870,92.4,92.4,99.36,91.77,,,,,,
871,92.25,92.97,99.18,91.97,,,,,,
872,92.3,92.86,99.73,92.25,,,,,,
873,91.9,92.49,100.11,91.54,,,,,,
874,91.78,92.97,100.8,92.07,,,,,,
875,91.74,92.91,100.45,91.77,,,,,,
876,91.91,92.53,99.48,93.62,,,,,,
877,91.77,92.54,100.94,92.94,,,,,,
878,92.28,92.75,100.13,92.92,,,,,,
879,91.85,92.54,100.43,91.69,,,,,,
880,91.67,92.12,100.73,93.08,,,,,,
881,92.15,92.5,99.76,93.31,,,,,,
882,92,92.7,99.57,94.11,,,,,,
883,92.48,92.99,100.02,91.75,,,,,,
884,92.27,93.08,98.96,92.99,,,,,,
885,91.94,92.78,99.88,91.83,,,,,,
886,91.96,92.69,100.5,93.48,,,,,,
887,91.9,92.9,100.87,93.61,,,,,,
888,91.68,92.59,99.94,92.46,,,,,,
889,92.15,92.64,100.17,93.25,,,,,,
890,91.87,92.46,98.86,93.78,,,,,,
891,91.78,92.23,98.8,94.11,,,,,,
892,92.02,92.62,98.24,91.75,,,,,,
893,92.32,92.42,98.91,92.27,,,,,,
894,92.33,92.81,100.02,91.94,,,,,,
895,91.87,92.99,100.31,92.14,,,,,,
896,92.04,92.84,100.01,93.14,,,,,,
897,91.92,92.67,99.35,93.02,,,,,,
898,91.55,92.6,101.06,93.5,,,,,,
899,91.97,92.49,100.69,93.28,,,,,,
900,92.01,92.72,100.89,92.81,,,,,,
901,92.12,92.65,98.94,92.73,,,,,,
902,92.22,92.54,98.95,94.34,,,,,,
903,92.09,92.86,99.46,92.57,,,,,,
904,92.05,92.66,100.55,91.6,,,,,,
905,92.24,92.9,99.82,92.15,,,,,,
906,92.22,93.04,100.41,90.89,,,,,,
907,92.21,92.54,99.73,92.31,,,,,,
908,91.82,92.67,99.65,92.83,,,,,,
909,91.7,92.28,99.95,94.06,,,,,,
910,92.22,92.41,100.67,93,,,,,,
911,92.41,92.32,101.44,93.11,,,,,,
912,92.31,92.28,101.36,93.03,,,,,,
913,91.98,92.55,99.73,92.67,,,,,,
914,92.11,92.99,99.05,93.51,,,,,,
915,92.47,93.15,99.84,93.37,,,,,,
916,92.57,92.46,99.77,91.68,,,,,,
917,92.22,92.64,101.5,91.83,,,,,,
918,92.07,93.02,101.31,92.48,,,,,,
919,91.85,92.55,99.35,92.37,,,,,,
920,91.92,92.55,100.59,93.49,,,,,,
921,91.96,92.36,100.71,93.58,,,,,,
922,92.22,92.65,100.78,92.7,,,,,,
923,92.07,92.64,99.57,93.78,,,,,,
924,92.27,92.54,98.8,92.92,,,,,,
925,92.45,92.69,99.71,93.91,,,,,,
926,92.22,92.77,100.4,92.96,,,,,,
927,91.53,92.7,101.04,92.53,,,,,,
928,91.86,92.83,101.25,92.94,,,,,,
929,92.43,92.25,100.6,93.01,,,,,,
930,91.69,92.7,99.18,92.82,,,,,,
931,91.93,92.69,99.35,93.17,,,,,,
932,92.42,92.67,100.34,92.53,,,,,,
933,92.07,93.21,99.56,92.55,,,,,,
934,91.71,92.87,100.02,93.25,,,,,,
935,91.86,92,100.7,92.5,,,,,,
936,92.1,92.75,100.05,93.69,,,,,,
937,92.31,92.75,100.84,92.92,,,,,,
938,91.77,93.4,100.45,92.94,,,,,,
939,92.1,92.2,100.99,93.49,,,,,,
940,91.97,92.72,99.14,93.81,,,,,,
941,92.19,93.13,99.77,92.71,,,,,,
942,92.37,92.83,101.72,91.86,,,,,,
943,91.33,92.81,100.24,93.45,,,,,,
944,92.05,92.6,101.52,92.77,,,,,,
945,92.05,92.55,100.85,93.83,,,,,,
946,91.95,92.58,99.84,93.26,,,,,,
947,92.52,92.89,99.57,91.91,,,,,,
948,91.84,92.65,100.42,91.72,,,,,,
949,92.06,92.28,100.26,93.93,,,,,,
950,91.88,92.79,100.16,94.34,,,,,,
951,92.02,92.83,99.28,92.47,,,,,,
952,91.77,92.44,101.21,93.53,,,,,,
953,91.98,92.4,99.89,94.01,,,,,,
954,92.2,92.63,99.53,94.44,,,,,,
955,91.84,92.63,100.36,92.59,,,,,,
956,92.05,92.5,100.25,93.66,,,,,,
957,91.86,92.94,99.8,93.62,,,,,,
958,92.19,92.96,100.32,92.63,,,,,,
959,91.63,92.31,100.94,91.75,,,,,,
960,92.3,92.67,99.43,92.62,,,,,,
961,92.39,92.65,101.66,92.72,,,,,,
962,91.88,92.67,101.46,92.91,,,,,,
963,92.07,92.78,99.86,95.14,,,,,,
964,91.81,92.58,100.56,93.03,,,,,,
965,92.1,92.64,100.2,92.56,,,,,,
966,92.28,92.47,100.96,93.74,,,,,,
967,91.81,92.75,101.39,94.14,,,,,,
968,92,92.72,100.08,94.31,,,,,,
969,92.01,92.89,101.35,91.91,,,,,,
970,91.97,92.34,100.43,94.13,,,,,,
971,92.14,93.14,100.81,92.02,,,,,,
972,92.41,92.6,100.19,93.51,,,,,,
973,92.02,93.11,100.72,92.19,,,,,,
974,92.17,92.55,100.38,93.22,,,,,,
975,91.98,92.75,100.04,91.67,,,,,,
976,92.1,92.5,99.6,93.13,,,,,,
977,92.1,93.01,100.16,92.89,,,,,,
978,92.17,92.45,100.03,92.94,,,,,,
979,92,92.91,100.58,92.03,,,,,,
980,91.87,92.41,99.63,93.2,,,,,,
981,91.91,92.84,101.24,92.44,,,,,,
982,92.24,93.01,100.65,93.56,,,,,,
983,91.88,92.28,99.82,93.3,,,,,,
984,92.14,92.61,99.31,93.45,,,,,,
985,92.36,92.8,99.6,93.62,,,,,,
986,91.54,92.31,101.25,93.01,,,,,,
987,92.15,92.73,100.54,93.36,,,,,,
988,91.99,92.46,99.38,92.5,,,,,,
989,91.97,92.92,100.79,92.22,,,,,,
990,92.04,92.37,100.56,94.76,,,,,,
991,91.66,92.67,99.92,92.34,,,,,,
992,92.19,93.06,100.37,93.37,,,,,,
993,92.05,93.22,100.11,93.33,,,,,,
994,91.51,92.42,100.85,92.59,,,,,,
995,92.22,92.91,100.52,93.98,,,,,,
996,92.13,92.73,100.56,93.07,,,,,,
997,91.68,92.3,100.85,91.91,,,,,,
998,92.2,93.04,100.53,93.47,,,,,,
999,92.09,92.77,100.34,92.69,,,,,,
1000,91.59,92.52,100.19,94,,,,,,
1001,92.28,92.91,101.26,94.46,,,,,,
1002,91.89,92.63,102.02,92.73,,,,,,
1003,92.04,92.06,100.13,92.34,,,,,,
1004,92.37,93.25,100.6,91.66,,,,,,
1005,92.26,92.7,100.38,93.8,,,,,,
1006,91.93,92.87,101.19,93.25,,,,,,
1007,91.47,91.92,100.99,91.4,,,,,,
1008,92.01,92.75,102.24,92.3,,,,,,
1009,91.88,92.75,100.56,93.7,,,,,,
1010,92.01,92.82,99.82,93.26,,,,,,
1011,91.87,92.39,100.34,93.05,,,,,,
1012,92.32,93.16,101.13,93.3,,,,,,
1013,92.34,92.93,100.46,93.71,,,,,,
1014,91.95,92.44,100.37,92.46,,,,,,
1015,91.78,92.52,99.7,92.17,,,,,,
1016,92.04,93.25,100.63,93.61,,,,,,
1017,92.24,93.26,100.21,93.95,,,,,,
1018,92.34,92.81,100.67,93.41,,,,,,
1019,91.74,92.59,100.43,92.47,,,,,,
1020,91.88,92.65,101.07,92.18,,,,,,
1021,92.16,93.02,99.93,94.74,,,,,,
1022,91.96,92.44,99.91,93.2,,,,,,
1023,91.93,92.88,100.91,93.63,,,,,,
1024,91.98,92.45,99.95,93.38,,,,,,
1025,91.62,92.65,100.15,93.17,,,,,,
1026,91.72,92.57,102.03,92.51,,,,,,
1027,92.62,93.14,102.3,93.4,,,,,,
1028,92.41,92.97,101.08,94.97,,,,,,
1029,92.35,92.41,102.01,92.94,,,,,,
1030,91.79,92.94,101.44,93.35,,,,,,
1031,91.83,92.79,99.76,93.19,,,,,,
1032,91.78,92.81,100.34,92.97,,,,,,
1033,91.73,92.61,101.57,91.66,,,,,,
1034,92.17,92.91,101.26,93.22,,,,,,
1035,91.93,93.31,100.97,93.68,,,,,,
1036,92.22,92.85,100.74,93.4,,,,,,
1037,92.14,92.81,100.72,93.69,,,,,,
1038,91.8,92.79,100.48,93.71,,,,,,
1039,91.72,92.6,100.85,93.9,,,,,,
1040,92.07,92.6,99.97,92.94,,,,,,
1041,92.02,92.88,100.55,93.13,,,,,,
1042,91.99,93.04,101.37,92.48,,,,,,
1043,92.42,92.95,101.09,94.01,,,,,,
1044,92.18,92.79,100.43,93.73,,,,,,
1045,91.85,92.72,100.15,92.91,,,,,,
1046,91.93,92.8,100.95,93.18,,,,,,
1047,91.78,92.32,99.26,92.85,,,,,,
1048,91.59,92.42,100.17,92.46,,,,,,
1049,91.91,92.67,101.7,93.14,,,,,,
1050,92.05,92.47,101.26,92.88,,,,,,
1051,92.09,92.65,101.2,93.98,,,,,,
1052,92.22,92.83,100.9,93.21,,,,,,
1053,92.01,92.75,100.81,92.48,,,,,,
1054,92.14,92.69,101.67,94.09,,,,,,
1055,91.86,92.52,100.1,93.21,,,,,,
1056,91.85,92.05,99.91,91.93,,,,,,
1057,91.4,92.67,100.79,92.12,,,,,,
1058,91.34,92.86,100.75,92.83,,,,,,
1059,91.82,93.08,102.02,93.74,,,,,,
1060,92.04,93.06,101.7,94.33,,,,,,
1061,92.07,93.4,102.24,94.17,,,,,,
1062,92.5,93.54,102.39,93.75,,,,,,
1063,92.32,93.58,101.24,94.03,,,,,,
1064,92.44,93.21,102.16,94.29,,,,,,
1065,92.27,93.38,101.11,94.23,,,,,,
1066,92.25,93.2,102.21,94.31,,,,,,
1067,92.47,93.38,100.37,93.28,,,,,,
1068,92.23,93.17,101.62,94.37,,,,,,
1069,92.15,93.06,101.42,94.29,,,,,,
1070,92.39,92.97,102.01,93.98,,,,,,
1071,92.39,93.29,101.22,93.06,,,,,,
1072,92.65,93.14,102.91,94.05,,,,,,
1073,92.42,92.89,102.07,94.37,,,,,,
1074,92.31,92.93,102.42,94.51,,,,,,
1075,92.64,93.27,102.55,94.39,,,,,,
1076,92.31,93.6,102.48,94.87,,,,,,
1077,92.6,93.33,101.93,94.33,,,,,,
1078,92.35,93.35,101.43,94.24,,,,,,
1079,92.55,93.19,102.17,93.96,,,,,,
1080,91.98,93.17,101.06,93,,,,,,
1081,91.88,92.78,100.45,92.85,,,,,,
1082,91.81,92.77,100.76,92.22,,,,,,
1083,91.85,92.62,99.71,91.83,,,,,,
1084,91.94,92.76,101.26,92.23,,,,,,
1085,92.03,92.84,100.66,92.99,,,,,,
1086,91.66,92.94,101.32,93.56,,,,,,
1087,92.09,92.48,101.99,92.64,,,,,,
1088,92.13,93.03,101.27,93.25,,,,,,
1089,92.15,92.96,101.12,93.64,,,,,,
1090,92.45,93.59,101.98,94.63,,,,,,
1091,92.43,93.14,102.59,93.42,,,,,,
1092,92.2,93.07,101.32,93.06,,,,,,
1093,92.12,92.87,101.09,92.1,,,,,,
1094,91.94,92.8,100.49,92.69,,,,,,
1095,91.78,92.87,100.72,92.64,,,,,,
1096,91.97,92.6,101.52,92.99,,,,,,
1097,91.88,92.89,100.58,92.7,,,,,,
1098,91.92,93.11,101.08,92.65,,,,,,
1099,91.66,93.19,101.4,92.7,,,,,,
1100,92.57,93.05,100.94,93.73,,,,,,
1101,92.27,93.01,102.33,93.69,,,,,,
1102,91.89,93.52,101.19,92.75,,,,,,
1103,91.86,93.11,100.87,94.83,,,,,,
1104,92.25,93.06,101.33,93.33,,,,,,
1105,92.25,93.22,102.2,93.9,,,,,,
1106,92.6,93.27,102.62,94.02,,,,,,
1107,92.06,93.28,101.59,92.75,,,,,,
1108,92.31,92.67,100.78,92.58,,,,,,
1109,91.56,92.52,99.43,92.18,,,,,,
1110,91.53,92.8,101.51,92.28,,,,,,
1111,91.31,92.93,101.06,92.58,,,,,,
1112,91.92,93.04,101.7,93.13,,,,,,
1113,91.78,92.77,101.66,92.89,,,,,,
1114,91.82,93.13,101.11,93.37,,,,,,
1115,92.2,92.89,102.74,93.54,,,,,,
1116,92.18,93.22,101.59,93.73,,,,,,
1117,92,93.04,101.87,92.55,,,,,,
1118,92.36,93.22,102.25,94.15,,,,,,
1119,92.27,93.27,102.38,94.02,,,,,,
1120,92.13,93.21,103.17,94.4,,,,,,
1121,91.64,93.13,102.59,94,,,,,,
1122,91.86,93.4,101.54,93.73,,,,,,
1123,91.95,93.08,102.51,92.56,,,,,,
1124,91.68,93.01,101.5,93.24,,,,,,
1125,91.56,92.66,101.66,91.94,,,,,,
1126,91.81,93.18,100.55,92.81,,,,,,
1127,92.13,92.68,101.22,92.28,,,,,,
1128,91.93,92.83,101.55,93.06,,,,,,
1129,92.05,92.91,101.51,93.69,,,,,,
1130,92.02,92.94,101.52,93.02,,,,,,
1131,92.01,93.27,102.4,93.45,,,,,,
1132,91.99,93.42,102.77,93.5,,,,,,
1133,92.54,93.45,103.19,94.48,,,,,,
1134,92.46,93.59,102.68,93.88,,,,,,
1135,92.42,93.22,102.6,94.45,,,,,,
1136,92.13,93.13,102.53,94.73,,,,,,
1137,92.19,93.95,101.79,93.62,,,,,,
1138,92.55,93.64,103.15,94.33,,,,,,
1139,92.39,93.2,101.77,94.09,,,,,,
1140,92.25,93.49,102.6,94.33,,,,,,
1141,92.1,93.5,101.95,94.47,,,,,,
1142,92.53,93.43,102.77,94.23,,,,,,
1143,92.27,93.6,101.93,95.08,,,,,,
1144,92.15,93.2,102.21,94.66,,,,,,
1145,92.3,93.31,102.22,93.56,,,,,,
1146,92.51,93.47,102.49,93,,,,,,
1147,92.13,93.2,103.51,93.24,,,,,,
1148,92.12,93.54,101.37,93.36,,,,,,
1149,92.5,93.39,100.58,93.09,,,,,,
1150,92.1,93.76,101.29,93.4,,,,,,
1151,91.79,93.37,101.39,93.13,,,,,,
1152,91.98,93.31,102.5,93.27,,,,,,
1153,91.89,93.22,102.6,93.37,,,,,,
1154,92.05,93.61,101.68,93.16,,,,,,
1155,92.09,93.51,102.68,92.93,,,,,,
1156,92.22,93.37,101.75,92.84,,,,,,
1157,92.39,93.25,102.06,93.34,,,,,,
1158,91.95,93.42,102.48,93.52,,,,,,
1159,92.19,93.35,102.66,93.97,,,,,,
1160,91.97,93.24,100.71,93.1,,,,,,
1161,91.93,93.57,100.81,92.15,,,,,,
1162,91.99,93.21,101.24,92.79,,,,,,
1163,92.09,93.4,102.23,92.97,,,,,,
1164,91.91,93.76,103.19,93.92,,,,,,
1165,92.18,93.45,102.89,93.57,,,,,,
1166,92.1,93.87,102.7,92.43,,,,,,
1167,92.07,93.98,101.51,93.14,,,,,,
1168,91.92,93.52,102.3,93.73,,,,,,
1169,92.04,93.64,101.95,94.03,,,,,,
1170,92.2,93.68,101.19,93.57,,,,,,
1171,91.72,93.83,101.87,93.52,,,,,,
1172,91.77,93.64,101.96,93.55,,,,,,
1173,92.13,93.43,102.14,94.05,,,,,,
1174,91.75,93.47,102.64,94.15,,,,,,
1175,92.13,93.51,102.6,94.74,,,,,,
1176,92.6,93.65,102.3,92.96,,,,,,
1177,91.86,93.62,103.34,93.7,,,,,,
1178,92.19,93.59,102.37,93.98,,,,,,
1179,92.05,93.27,102.05,92.92,,,,,,
1180,92.07,93.85,102.26,93.15,,,,,,
1181,91.89,93.43,102.69,92.83,,,,,,
1182,91.8,93.49,101.64,93.26,,,,,,
1183,91.73,93.59,101.91,93.25,,,,,,
1184,92.04,93.69,101.81,93.06,,,,,,
1185,92.35,93.86,103.03,93.35,,,,,,
1186,92.22,93.86,102.5,93.16,,,,,,
1187,92.49,93.83,102.85,93.43,,,,,,
1188,92.22,93.8,101.82,93.37,,,,,,
1189,92.15,93.45,103.04,92.23,,,,,,
1190,91.85,94.08,102.81,94.82,,,,,,
1191,91.88,93.6,102.14,94.24,,,,,,
1192,92.26,93.78,102.19,93.06,,,,,,
1193,91.55,93.69,101.93,92.17,,,,,,
1194,91.7,93.98,102.38,93.25,,,,,,
1195,91.86,94.06,102.58,93.41,,,,,,
1196,91.86,93.94,102.04,94.18,,,,,,
1197,92.17,93.75,102.62,93.47,,,,,,
1198,91.8,93.56,102.4,93.49,,,,,,
1199,92.07,93.81,101.82,92.37,,,,,,
1200,92.05,93.37,101.95,93.24,,,,,,
1201,91.72,93.67,101.36,94.05,,,,,,
1202,91.98,94.4,103.6,94.36,,,,,,
1203,92.28,94.48,102.47,93.78,,,,,,
1204,92.12,94.01,102.57,93.22,,,,,,
1205,92.3,93.57,101.62,93.79,,,,,,
1206,92.44,93.71,102.08,92.8,,,,,,
1207,91.92,93.99,101.57,93.81,,,,,,
1208,91.92,93.89,102.44,94,,,,,,
1209,91.8,93.89,101.76,93.39,,,,,,
1210,91.68,93.85,101.89,93.3,,,,,,
1211,92,93.98,102.19,92.06,,,,,,
1212,91.86,93.67,102.93,92.87,,,,,,
1213,91.85,93.67,102.47,92.1,,,,,,
1214,91.51,93.4,102.81,92.25,,,,,,
1215,91.58,93.5,101.45,91.9,,,,,,
1216,91.57,93.71,102.07,92.37,,,,,,
1217,91.53,93.76,102.1,91.85,,,,,,
1218,91.98,93.65,101.11,92.56,,,,,,
1219,91.68,93.95,101.55,91.69,,,,,,
1220,91.79,93.53,102.49,91.36,,,,,,
1221,91.75,93.23,102.22,90.47,,,,,,
1222,91.75,93.45,101.6,90.17,,,,,,
1223,91.85,93.83,101.55,91.11,,,,,,
1224,91.51,93.81,101.83,89.4,,,,,,
1225,91.7,93.7,101.88,90.61,,,,,,
1226,91.78,93.91,102.21,90.01,,,,,,
1227,91.53,93.92,101.35,89.45,,,,,,
1228,91.87,93.77,102.08,89.65,,,,,,
1229,91.58,93.59,101.32,89.59,,,,,,
1230,91.28,93.38,101.49,89.27,,,,,,
1231,91.71,93.43,101.98,89.97,,,,,,
1232,91.26,93.9,101.57,90.78,,,,,,
1233,91.72,93.8,101.73,89.06,,,,,,
1234,91.72,88.23,86.71,70.34,,,,,,
1235,65.21,64.74,67.32,57.05,,,,,,
1236,47.89,50.51,56.06,47.77,,,,,,
1237,38.66,41.46,48.12,42.88,,,,,,
1238,33.89,36.06,42.53,38.09,,,,,,
1239,30.06,33.47,39.15,36.12,,,,,,
1240,28.97,32.05,35.96,34.69,,,,,,
1241,28.22,31.05,34.72,33.45,,,,,,
1242,27.75,30.23,33.84,32.91,,,,,,
1243,27.01,29.56,32.48,32.38,,,,,,
1244,26.74,28.76,31.83,31.93,,,,,,
1245,26.49,28.22,31.12,30.72,,,,,,
1246,26.17,28.04,29.99,30.41,,,,,,
1247,25.81,27.43,30.15,30.75,,,,,,
1248,25.61,27.27,29.88,30.1,,,,,,
1249,25.5,26.93,29.39,29.17,,,,,,
1250,25.36,26.92,28.77,29.66,,,,,,
1251,25.04,26.47,28.53,28.22,,,,,,
1252,25.09,26.25,28.89,29.08,,,,,,
1253,24.8,26.24,28.44,27.61,,,,,,
1254,24.86,26.1,28.04,26.98,,,,,,
1255,24.87,25.99,28.4,27.31,,,,,,
1256,25.14,26.01,28.03,26.85,,,,,,
1257,24.88,25.73,27.58,26.81,,,,,,
1258,24.68,25.67,28.15,27.24,,,,,,
1259,24.76,25.5,27.7,26.38,,,,,,
1260,24.86,25.39,28.51,26.82,,,,,,
1261,24.9,25.32,27.16,25.95,,,,,,
1262,24.66,25.65,28.05,26.35,,,,,,
1263,24.65,25.58,28.35,26,,,,,,
1264,24.47,25.16,27.87,25.54,,,,,,
1265,24.52,25.38,28.21,26.31,,,,,,
1266,25.03,25.19,27.62,26.04,,,,,,
1267,24.63,25.18,28.1,25.41,,,,,,
1268,24.43,25.18,27.66,25.1,,,,,,
1269,24.59,25.17,28.21,24.93,,,,,,
1270,24.57,25.15,28.83,24.38,,,,,,
1271,24.69,25.25,27.69,24.42,,,,,,
1272,24.5,24.92,27.52,24.44,,,,,,
1273,24.64,25.43,28.43,24.96,,,,,,
1274,24.57,25.24,27.85,24.47,,,,,,
1275,24.33,25.1,28.3,25.45,,,,,,
1276,24.59,25.28,27.79,25.52,,,,,,
1277,24.7,25.12,27.37,24.69,,,,,,
1278,24.64,25.33,27.77,24.92,,,,,,
1279,24.48,25.3,28.03,24.82,,,,,,
1280,24.58,25.27,28.06,24.24,,,,,,
1281,24.72,25.08,27.55,25.07,,,,,,
1282,24.49,25.26,28.12,24.51,,,,,,
1283,24.33,25.35,28.07,24.7,,,,,,
1284,24.57,25.55,28.27,24.74,,,,,,
1285,24.65,25.33,27.87,23.72,,,,,,
1286,24.52,25.1,28.56,24.1,,,,,,
1287,24.63,25.2,28.1,24.2,,,,,,
1288,24.53,25.09,28.1,24.37,,,,,,
1289,24.7,25.08,27.59,24.11,,,,,,
1290,24.27,25.49,28.25,23.91,,,,,,
1291,24.41,25.11,28.61,24.45,,,,,,
1292,24.56,25.1,27.67,23.7,,,,,,
1293,24.24,25.52,28.61,23.71,,,,,,
1294,24.74,25.33,27.99,24.3,,,,,,
1295,24.61,25.33,27.79,24.23,,,,,,
1296,24.5,25,27.81,24.59,,,,,,
1297,24.6,25.34,27.97,24.15,,,,,,
1298,24.63,25.22,28.2,24.79,,,,,,
1299,24.74,25.13,28.26,24.58,,,,,,
1300,24.48,25.36,28.43,25.52,,,,,,
1301,24.61,25.3,29.16,25.15,,,,,,
1302,24.6,25.23,28.83,24.33,,,,,,
1303,24.52,25.28,28.45,24.76,,,,,,
1304,24.53,25.03,28.07,24.41,,,,,,
1305,24.56,25.05,28.49,24.96,,,,,,
1306,24.7,24.88,28.08,24.56,,,,,,
1307,24.79,25.5,28.27,24.9,,,,,,
1308,24.92,25.48,28.87,25.05,,,,,,
1309,24.72,25.15,28.13,23.96,,,,,,
1310,24.51,24.86,27.91,24.05,,,,,,
1311,24.7,25.2,28.23,23.85,,,,,,
1312,24.57,25.24,28.06,24.23,,,,,,
1313,24.51,25.38,28.18,26.17,,,,,,
1314,24.72,25.27,28.22,24.5,,,,,,
1315,24.7,25.29,28.45,23.8,,,,,,
1316,24.38,25.01,28.16,24.85,,,,,,
1317,24.45,25.26,27.64,25.2,,,,,,
1318,24.38,25.03,28.1,24.27,,,,,,
1319,24.31,25.4,28.27,23.78,,,,,,
1320,24.56,25.17,28.04,24.64,,,,,,
1321,24.7,25.15,28.4,24.86,,,,,,
1322,24.76,25.16,28.05,25.46,,,,,,
1323,24.43,25.3,28.82,24.62,,,,,,
1324,24.54,25.05,28.3,23.94,,,,,,
1325,24.65,24.96,28.24,24.45,,,,,,
1326,24.77,25.21,28.62,23.69,,,,,,
1327,24.63,25.15,28.24,23.92,,,,,,
1328,24.65,25.16,28.7,23.77,,,,,,
1329,24.75,25.14,28.49,25.21,,,,,,
1330,24.66,25.13,27.27,25.09,,,,,,
1331,24.56,25.25,28.33,24.14,,,,,,
1332,24.45,25.17,28.02,24.44,,,,,,
1333,24.81,25.14,27.81,23.99,,,,,,
1334,24.81,25.35,28.29,24.98,,,,,,
1335,24.41,25.42,27.87,25.26,,,,,,
1336,24.41,25.2,28.17,24.31,,,,,,
1337,24.56,25.29,28.21,24.34,,,,,,
1338,24.42,25.41,27.84,24.64,,,,,,
1339,24.52,24.95,28.15,24.1,,,,,,
1340,24.43,25.4,27.75,23.97,,,,,,
1341,24.47,25.11,27.72,24.01,,,,,,
1342,24.43,25.02,27.95,24.24,,,,,,
1343,24.6,25.19,27.82,24.15,,,,,,
1344,24.38,25.23,28.24,22.82,,,,,,
1345,24.3,25.01,28.28,24.34,,,,,,
1346,24.45,25.04,28.4,24.5,,,,,,
1347,24.55,25,27.97,24.59,,,,,,
1348,24.5,25.13,28.53,25.04,,,,,,
1349,24.6,25.65,27.92,24.41,,,,,,
1350,24.22,25.28,27.97,24.23,,,,,,
1351,24.66,25.05,28.9,24.24,,,,,,
1352,24.46,25.34,28.42,24.31,,,,,,
1353,24.74,25.15,28.37,23.45,,,,,,
1354,24.34,25.12,28.72,24.65,,,,,,
1355,24.87,25.25,27.97,24.33,,,,,,
1356,24.69,24.84,27.74,24.7,,,,,,
1357,24.66,25.39,28.5,24.04,,,,,,
1358,24.5,25.29,27.72,25.46,,,,,,
1359,24.59,25.13,28.55,23.55,,,,,,
1360,24.62,25.22,28.15,24.13,,,,,,
1361,24.62,25.1,28.08,24.58,,,,,,
1362,24.52,25.16,28.33,24.8,,,,,,
1363,24.51,25.44,28.06,24.7,,,,,,
1364,24.64,25.08,28,23.5,,,,,,
1365,24.64,25.19,28.06,23.47,,,,,,
1366,24.37,25.23,28.01,23.63,,,,,,
1367,24.71,25.47,28.52,23.58,,,,,,
1368,24.63,25.28,27.87,24.38,,,,,,
1369,24.51,25.33,28.6,24.21,,,,,,
1370,24.6,25.09,28.03,23.3,,,,,,
1371,24.62,25.2,28.15,24.47,,,,,,
1372,24.7,25.06,28.41,24.64,,,,,,
1373,24.86,25.34,28.32,24.13,,,,,,
1374,24.65,25.16,28.37,23.04,,,,,,
1375,24.87,25.03,28.96,24.71,,,,,,
1376,24.67,25.15,28.05,24.65,,,,,,
1377,24.59,25.39,28.72,24.96,,,,,,
1378,24.72,25.2,28.46,23.83,,,,,,
1379,24.77,25.2,28.5,25,,,,,,
1380,24.91,25.38,28.48,24.25,,,,,,
1381,24.85,24.92,28.17,24.03,,,,,,
1382,24.65,25.06,28.21,23.58,,,,,,
1383,24.58,25.09,28.21,24.33,,,,,,
1384,24.71,25.21,27.99,24.01,,,,,,
1385,24.73,25.29,28.61,24.1,,,,,,
1386,24.63,25.08,28.78,23.31,,,,,,
1387,24.52,25.33,28.33,24.32,,,,,,
1388,24.78,25.19,28.72,23.68,,,,,,
1389,24.63,25.32,27.91,24.08,,,,,,
1390,24.65,25.26,28.44,24.41,,,,,,
1391,24.67,25.33,28.01,23.9,,,,,,
1392,24.34,25.29,28.33,24.65,,,,,,
1393,24.53,25.3,28.15,24.65,,,,,,
1394,24.64,25.19,28.4,24.98,,,,,,
1395,24.55,25.42,28.05,24.61,,,,,,
1396,24.55,25.17,28.23,24.78,,,,,,
1397,24.66,25.13,28.27,24.62,,,,,,
1398,24.81,25.17,29.02,24.6,,,,,,
1399,24.45,25.25,28.6,23.81,,,,,,
1400,24.67,24.88,28.74,23.98,,,,,,
1401,24.26,25.32,28.04,24.33,,,,,,
1402,24.71,25.2,28.42,24.14,,,,,,
1403,24.45,25.18,28.28,23.97,,,,,,
1404,24.56,25.37,28.89,23.65,,,,,,
1405,24.25,25.07,28.3,22.91,,,,,,
1406,24.69,25.28,27.82,23.66,,,,,,
1407,24.52,25.47,28.32,23.97,,,,,,
1408,24.67,25.13,28,23.61,,,,,,
1409,24.9,25.45,28.59,23.25,,,,,,
1410,24.86,25.26,28.62,24.11,,,,,,
1411,24.54,25.35,28.36,23.83,,,,,,
1412,24.65,25.18,28.15,25.54,,,,,,
1413,24.8,24.99,29.12,23.64,,,,,,
