0,36.16,36.66,39.48,31.53,,,,,,,
1,35.9,36.6,39.47,32.01,,,,,,,
2,36.09,36.53,39.51,33.19,,,,,,,
3,36.14,36.69,39.25,32.57,,,,,,,
4,36.03,36.69,39.39,32.99,,,,,,,
5,35.92,36.51,39.6,32.38,,,,,,,
6,35.96,36.78,39.58,33.01,,,,,,,
7,36.25,36.97,39.44,30.96,,,,,,,
8,36.26,36.66,39.51,31.78,,,,,,,
9,36.15,36.62,39.84,31.39,,,,,,,
10,35.99,36.6,39.28,33.45,,,,,,,
11,36.34,36.43,39.22,31.62,,,,,,,
12,36.37,36.5,39.16,31.66,,,,,,,
13,36.28,36.46,38.81,31.57,,,,,,,
14,36.12,36.55,39.42,32.03,,,,,,,
15,36.15,36.59,39.5,32.66,,,,,,,
16,35.98,36.68,38.83,32.38,,,,,,,
17,36.39,36.39,39.35,31.4,,,,,,,
18,36.28,36.63,39,31.49,,,,,,,
19,36.29,36.57,38.93,32.03,,,,,,,
20,35.86,36.41,38.96,31.63,,,,,,,
21,36.06,36.79,39.55,31.72,,,,,,,
22,35.96,36.86,39.05,31.83,,,,,,,
23,36.25,36.67,39.36,31.43,,,,,,,
24,36.09,37,38.86,32.18,,,,,,,
25,36.34,36.41,39.05,30.63,,,,,,,
26,36.35,36.54,39.19,31.84,,,,,,,
27,35.95,36.65,39.38,30.7,,,,,,,
28,35.98,36.4,38.87,32.73,,,,,,,
29,36.19,36.53,38.9,31.19,,,,,,,
30,36.46,36.63,39.08,31.27,,,,,,,
31,36.28,36.44,38.99,31.43,,,,,,,
32,36.29,36.53,38.82,31.47,,,,,,,
33,36.08,36.46,38.88,32.33,,,,,,,Tiempo en llegar a convergencia
34,36.23,36.41,39.38,30.79,,,26.4,Primer sensor más bajo,,,Más bajo
35,36.47,36.27,38.87,31.85,,,,Segundo sensor medio alto,,,Medio alto
36,36.02,36.5,39.1,30.62,,,,Tercer sensor más alto,,,Más alto
37,36.22,36.43,38.83,32.19,,,,Cuarto sensor medio bajo,,,Medio bajo
38,36.18,36.45,38.85,30.39,,,,,,,
39,36.08,36.28,38.55,31.26,,,,,,,
40,36.08,36.52,38.86,31.73,,,,,,,
41,36.3,36.55,39.15,31.9,,,,,,,
42,36.33,36.58,38.77,31.88,,,,,,,
43,35.99,36.54,38.69,32.49,,,,,,,
44,36.13,36.24,38.84,30.54,,,,,,,
45,36.13,36.37,39.02,30.32,,,,,,,
46,36.32,36.62,38.37,30.68,,,,,,,
47,36.07,36.05,38.59,32.08,,,,,,,
48,36.36,36.59,38.2,31.81,,,,,,,
49,36.13,36.42,38.71,31.39,,,,,,,
50,36.1,36.42,39.01,31.15,,,,,,,
51,35.97,36.62,38.87,31.79,,,,,,,
52,36.11,36.42,38.81,30.93,,,,,,,
53,36.07,36.57,38.7,31.02,,,,,,,
54,35.97,36.36,38.59,30.96,,,,,,,
55,36.04,36.51,38.8,30.82,,,,,,,
56,36.35,36.17,38.96,31.56,,,,,,,
57,36.12,36.53,38.2,32.47,,,,,,,
58,35.98,36.12,38.44,31.19,,,,,,,
59,36.28,36.42,38.53,31.14,,,,,,,
60,36.3,36.4,38.82,31.13,,,,,,,
61,36.07,36.15,38.58,30.88,,,,,,,
62,36.2,36.41,39.28,31.17,,,,,,,
63,36.16,36.56,39.25,31.62,,,,,,,
64,36.34,36.67,39.48,30.29,,,,,,,
65,36.12,36.45,40.42,32.23,,,,,,,
66,36.2,36.87,40.34,32.39,,,,,,,
67,36.22,36.65,40.94,32.88,,,,,,,
68,36.2,37.17,40.66,32.22,,,,,,,
69,36.7,37.22,41.45,32.18,,,,,,,
70,36.31,37.56,41.65,32.34,,,,,,,
71,36.66,37.27,42.17,33.61,,,,,,,
72,36.41,37.52,42.44,32.85,,,,,,,
73,36.5,37.89,43.08,33.79,,,,,,,
74,36.48,37.65,43.27,32.89,,,,,,,
75,36.78,37.78,43.69,33.47,,,,,,,
76,36.8,38.18,44.15,33.48,,,,,,,
77,36.88,38.13,43.99,34.16,,,,,,,
78,36.88,38.09,45.17,34.62,,,,,,,
79,36.76,38.55,45.15,33.25,,,,,,,
80,36.86,38.31,44.96,34.01,,,,,,,
81,36.84,38.48,45.51,34.84,,,,,,,
82,36.84,38.6,45.91,35.06,,,,,,,
83,36.79,38.68,46.65,34.18,,,,,,,
84,36.66,38.97,46.3,33.8,,,,,,,
85,37.01,39.4,47.29,35.56,,,,,,,
86,37.07,39.42,47.35,35.25,,,,,,,
87,37.11,39.22,47.85,34.11,,,,,,,
88,36.98,39.12,47.97,35.65,,,,,,,
89,37.31,39.87,48.29,36.38,,,,,,,
90,37.25,39.87,48.71,37.44,,,,,,,
91,37.39,40.16,48.76,35.85,,,,,,,
92,37.19,40.21,48.96,35.33,,,,,,,
93,37.39,40.11,49.32,36.8,,,,,,,
94,37.59,40.42,49.97,36.19,,,,,,,
95,37.37,40.72,50.17,37.64,,,,,,,
96,37.59,40.94,50.07,35.37,,,,,,,
97,37.78,40.97,50.49,37.97,,,,,,,
98,37.54,41.02,51.1,36.63,,,,,,,
99,37.69,41.33,51.36,38.5,,,,,,,
100,37.8,41.32,51.49,38.07,,,,,,,
101,37.81,41.62,51.89,38.2,,,,,,,
102,37.86,41.68,52.31,38.28,,,,,,,
103,38.01,41.66,53.02,38.19,,,,,,,
104,37.97,42.11,53.07,38.9,,,,,,,
105,38.09,41.95,52.97,37.73,,,,,,,
106,37.96,41.89,52.83,39.68,,,,,,,
107,38.04,42.4,53.51,38.36,,,,,,,
108,38.17,42.45,54.02,39.16,,,,,,,
109,38.05,42.37,54.53,39.54,,,,,,,
110,38.2,42.93,54.67,39.18,,,,,,,
111,38.01,42.88,54.77,38.04,,,,,,,
112,38.36,43.15,54.88,40.38,,,,,,,
113,38.74,43.37,54.99,39.47,,,,,,,
114,38.98,43.3,56.08,40.63,,,,,,,
115,38.27,43.56,55.84,40.33,,,,,,,
116,38.6,43.94,55.58,39.96,,,,,,,
117,38.85,43.85,56.02,40.65,,,,,,,
118,38.63,44.56,56.48,40.88,,,,,,,
119,39.05,44.15,56.71,42.26,,,,,,,
120,38.82,44.2,56.54,40.83,,,,,,,
121,38.97,44.52,57.52,40.94,,,,,,,
122,38.95,44.78,57.55,40.91,,,,,,,
123,39.16,44.69,57.98,43.02,,,,,,,
124,39.26,44.88,58.67,43.04,,,,,,,
125,39.1,45.05,58.28,42.35,,,,,,,
126,39.4,45.41,58.61,42.83,,,,,,,
127,39.31,45.71,59.21,42.32,,,,,,,
128,39.62,45.91,59.6,42.02,,,,,,,
129,39.57,45.95,59.63,42.64,,,,,,,
130,39.55,46.12,60.25,41.98,,,,,,,
131,39.79,46.71,60.19,42.61,,,,,,,
132,39.61,46.45,60.57,44.78,,,,,,,
133,39.88,46.65,60.54,44.37,,,,,,,
134,39.83,46.91,60.38,43.78,,,,,,,
135,39.84,47.27,61.21,44.03,,,,,,,
136,39.88,47.02,61.28,43.9,,,,,,,
137,40.2,47.47,61.78,43.91,,,,,,,
138,40.1,47.38,61.57,44.35,,,,,,,
139,40.39,48.21,62.46,43.72,,,,,,,
140,40.02,48.21,62.45,45.66,,,,,,,
141,40.13,48.27,62.75,44.88,,,,,,,
142,40.22,48.16,63.33,45.74,,,,,,,
143,40.54,48.42,63.91,44.06,,,,,,,
144,40.79,48.6,63.45,44.28,,,,,,,
145,40.82,49.07,63.73,46.11,,,,,,,
146,40.47,49.01,63.79,46.02,,,,,,,
147,40.79,49.12,64.25,45.65,,,,,,,
148,40.84,49.45,64.87,46.56,,,,,,,
149,40.62,49.5,65.26,47.59,,,,,,,
150,41.04,50.11,65.47,45.86,,,,,,,
151,40.73,49.94,65.74,46.5,,,,,,,
152,41.19,50.41,66.2,46.77,,,,,,,
153,40.9,50.33,66.4,46.24,,,,,,,
154,41.43,50.59,66.16,46.94,,,,,,,
155,41.63,50.46,65.49,48.52,,,,,,,
156,41.38,51.08,66.54,47.63,,,,,,,
157,41.46,51.15,67.23,47.31,,,,,,,
158,41.92,51.32,67.18,47.96,,,,,,,
159,41.91,51.6,67.22,47.2,,,,,,,
160,41.75,51.85,67.56,46.52,,,,,,,
161,41.87,52.09,68.44,49.32,,,,,,,
162,41.85,52.06,68,48.97,,,,,,,
163,41.94,52.14,68.12,48.27,,,,,,,
164,42.19,52.11,68.81,48.61,,,,,,,
165,42.67,52.78,68.91,50.3,,,,,,,
166,42.09,52.8,69.28,49.16,,,,,,,
167,42.64,53.05,69.22,49.08,,,,,,,
168,42.42,53.28,69.87,50.06,,,,,,,
169,42.49,53.57,70.32,50.07,,,,,,,
170,42.77,53.93,69.76,48.8,,,,,,,
171,42.83,54.05,70.66,50.27,,,,,,,
172,42.93,54.01,70.55,50.36,,,,,,,
173,42.73,54.33,70.46,49.95,,,,,,,
174,42.85,54.54,71.24,50.66,,,,,,,
175,43.25,54.73,70.91,50.83,,,,,,,
176,43.23,54.66,71.33,50.55,,,,,,,
177,43.23,55.22,71.65,50.75,,,,,,,
178,43.16,55.58,71.76,50.58,,,,,,,
179,43.5,55.48,72.14,51.63,,,,,,,
180,43.55,55.47,72.97,51.35,,,,,,,
181,43.78,55.75,72.73,51.98,,,,,,,
182,43.54,56.08,73.11,52.06,,,,,,,
183,43.94,56.18,73.67,52.44,,,,,,,
184,43.81,56.56,73.27,52.02,,,,,,,
185,44.13,56.55,74.15,52.42,,,,,,,
186,44.19,56.55,74.27,51.25,,,,,,,
187,44.1,57.22,74.4,52.97,,,,,,,
188,44.36,57.32,74.4,53.13,,,,,,,
189,44.35,57.3,74.99,52.46,,,,,,,
190,44.57,57.95,75.42,52.38,,,,,,,
191,44.2,58.15,75.01,52.81,,,,,,,
192,44.67,58.28,75.8,52.11,,,,,,,
193,44.78,58.37,76.55,53.85,,,,,,,
194,44.92,58.49,75.79,52.98,,,,,,,
195,45.03,58.63,76.74,53,,,,,,,
196,44.87,58.69,76.78,53.94,,,,,,,
197,44.79,59.3,76.5,54.12,,,,,,,
198,45.07,59.45,77.2,53.34,,,,,,,
199,45.39,59.3,77.28,53.66,,,,,,,
200,45.18,59.59,77.43,52.78,,,,,,,
201,45.37,60.14,78.29,53.79,,,,,,,
202,45.87,60.24,78.2,54.42,,,,,,,
203,45.67,60.25,79.12,53.88,,,,,,,
204,45.87,60.81,78.35,55.62,,,,,,,
205,46.26,60.62,79.46,54.71,,,,,,,
206,46.06,61.12,79.3,55.2,,,,,,,
207,46.09,61.55,80.15,54.11,,,,,,,
208,46.26,61.49,79.86,54.42,,,,,,,
209,46.36,61.61,79.89,54.7,,,,,,,
210,46.28,61.89,80.41,55.96,,,,,,,
211,46.79,62.02,81.1,56.35,,,,,,,
212,46.57,61.95,80.11,55.39,,,,,,,
213,46.93,62.51,80.58,56.3,,,,,,,
214,47,62.26,81.82,55.48,,,,,,,
215,47.04,62.74,81,56.02,,,,,,,
216,46.99,63.12,81.94,56.38,,,,,,,
217,46.97,62.79,82.46,55.88,,,,,,,
218,47.24,63.45,82.29,56.6,,,,,,,
219,47.34,63.53,82.12,56.56,,,,,,,
220,47.34,63.91,82.87,55.33,,,,,,,
221,47.3,63.87,82.94,56.69,,,,,,,
222,47.75,64.22,82.87,56.43,,,,,,,
223,47.54,64.76,83.47,57.71,,,,,,,
224,47.71,64.84,83.71,55.54,,,,,,,
225,47.51,65.12,84.4,56.44,,,,,,,
226,47.94,65.6,84.43,57.28,,,,,,,
227,48.04,65.75,83.65,56.49,,,,,,,
228,48.15,65.78,84.18,57.24,,,,,,,
229,47.85,66.35,84.36,58.48,,,,,,,
230,48.3,66.23,85.2,57.91,,,,,,,
231,48.56,66.4,85.49,57.42,,,,,,,
232,48.69,66.86,86.01,58.66,,,,,,,
233,48.59,67.33,85.7,58.03,,,,,,,
234,48.68,67.75,85.82,58.14,,,,,,,
235,48.93,67.71,86.06,59.13,,,,,,,
236,48.91,67.82,86.37,58.64,,,,,,,
237,49.18,67.79,86.5,58.77,,,,,,,
238,49.45,68.3,86.85,59.24,,,,,,,
239,49.37,68.31,86.8,59.95,,,,,,,
240,49.31,68.84,87.6,60.22,,,,,,,
241,49.27,69.06,88.03,60.11,,,,,,,
242,49.55,69.37,88.1,59.89,,,,,,,
243,49.66,69.54,88.14,60.4,,,,,,,
244,49.71,69.68,88.6,59.53,,,,,,,
245,49.85,69.85,88.63,60.58,,,,,,,
246,49.8,70.5,88.68,61.01,,,,,,,
247,50.09,70.49,88.99,61.23,,,,,,,
248,50.41,70.66,88.28,60.84,,,,,,,
249,49.95,70.79,89.82,61.76,,,,,,,
250,50.25,71.02,89.72,62.03,,,,,,,
251,50.46,71.33,90.13,61.68,,,,,,,
252,50.7,71.64,90.33,60.85,,,,,,,
253,50.8,71.78,90.68,61.93,,,,,,,
254,50.85,71.8,90.8,62.08,,,,,,,
255,51.07,72.52,91.34,63.81,,,,,,,
256,50.93,72.43,91.82,62.44,,,,,,,
257,51.09,72.97,91.45,62.95,,,,,,,
258,51.12,73.39,91.45,61.72,,,,,,,
259,51.56,73.69,91.78,61.81,,,,,,,
260,51.67,73.42,92.23,61.3,,,,,,,
261,51.58,73.63,92.41,61.81,,,,,,,
262,51.63,73.88,92.72,61.12,,,,,,,
263,51.73,74.06,92.25,62.26,,,,,,,
264,52.01,74.29,92.89,62.11,,,,,,,
265,52.26,74.71,92.88,62.85,,,,,,,
266,52.13,74.99,93.22,62.13,,,,,,,
267,52.4,75.13,93.38,62.22,,,,,,,
268,52.59,75.15,93.59,63.03,,,,,,,
269,52.92,75.57,93.5,63.24,,,,,,,
270,52.79,75.65,93.74,62.79,,,,,,,
271,52.8,75.84,94.09,64.16,,,,,,,
272,52.63,76.11,93.95,64.28,,,,,,,
273,53.13,76.51,94.53,63.27,,,,,,,
274,53.16,76.2,94.33,63.65,,,,,,,
275,53.41,76.45,95.08,64.27,,,,,,,
276,53.32,77.32,94.76,63.75,,,,,,,
277,53.54,77.54,94.64,64.37,,,,,,,
278,53.53,78.13,94.98,64.68,,,,,,,
279,53.81,77.28,95.47,65.18,,,,,,,
280,53.76,78.1,95.7,64.93,,,,,,,
281,53.91,78.27,95.75,65.94,,,,,,,
282,54.21,78.37,95.74,64.96,,,,,,,
283,54.15,78.54,95.62,66.07,,,,,,,
284,54.21,78.91,95.94,65.96,,,,,,,
285,54.47,78.57,95.43,65.85,,,,,,,
286,54.48,78.94,95.5,67.22,,,,,,,
287,54.76,79.03,96.17,66.08,,,,,,,
288,54.73,79.85,95.6,68.98,,,,,,,
289,55.11,80.07,95.89,69.08,,,,,,,
290,55.05,80.3,95.49,70.37,,,,,,,
291,55.29,79.96,95.26,73.1,,,,,,,
292,55.41,80.53,96.01,73.25,,,,,,,
293,55.46,80.79,95.53,75.09,,,,,,,
294,55.66,80.96,96.06,76.53,,,,,,,
295,55.86,81.21,95.47,76.67,,,,,,,
296,56.24,81.16,95.68,77.41,,,,,,,
297,56.16,81.48,95.96,79.36,,,,,,,
298,55.91,81.41,97.55,79.57,,,,,,,
299,56.21,81.18,97.21,79.22,,,,,,,
300,56.55,81.66,97.1,79.76,,,,,,,
301,56.45,82.16,97.27,80.32,,,,,,,
302,56.55,82.41,96.88,79.25,,,,,,,
303,56.94,81.63,95.35,79.83,,,,,,,
304,57.06,82.62,97.61,81.35,,,,,,,
305,57.16,82.53,96.99,81.28,,,,,,,
306,57.05,82.67,97.25,81.02,,,,,,,
307,57.58,82.95,96.97,80.98,,,,,,,
308,57.57,83.79,97.81,81,,,,,,,
309,57.53,84.11,97.14,81.57,,,,,,,
310,57.65,83.92,96.03,82.37,,,,,,,
311,57.79,83.66,97.61,81.42,,,,,,,
312,58.04,84.22,96.81,81.77,,,,,,,
313,57.96,84.7,97.88,82.46,,,,,,,
314,58.04,84.32,97.66,82.41,,,,,,,
315,58.36,84.38,96.99,81.59,,,,,,,
316,58.41,85.06,98.62,82.24,,,,,,,
317,58.67,84.88,98.11,82.6,,,,,,,
318,58.67,85.06,96.77,82.87,,,,,,,
319,58.96,85.54,97.27,83.28,,,,,,,
320,59.16,85.69,97.68,83.09,,,,,,,
321,58.98,85.65,97.06,83.17,,,,,,,
322,59.56,85.84,98.21,81.84,,,,,,,
323,59.5,86.18,97.68,84.13,,,,,,,
324,59.65,86.15,96.59,82.45,,,,,,,
325,60.01,86.25,96.81,82.52,,,,,,,
326,60.23,86.44,96.8,83.54,,,,,,,
327,60.41,86.95,97.44,84.03,,,,,,,
328,60.11,86.67,95.32,83.51,,,,,,,
329,60.49,86.79,97.25,83.88,,,,,,,
330,60.62,86.75,96.2,85.35,,,,,,,
331,60.68,86.57,97.34,82.63,,,,,,,
332,61.03,87.01,96.88,84.74,,,,,,,
333,61.07,87.25,95.96,84.59,,,,,,,
334,61.31,87.68,97.26,84.67,,,,,,,
335,61.75,87.88,97.89,84.69,,,,,,,
336,61.68,87.36,97.03,83.95,,,,,,,
337,61.86,87.88,97.46,84.64,,,,,,,
338,62.03,87.91,97.68,85.09,,,,,,,
339,62.81,88.06,98.08,85.73,,,,,,,
340,62.57,87.84,99.33,85.3,,,,,,,
341,62.79,88.26,98.11,86.91,,,,,,,
342,62.71,88.24,96.98,85.31,,,,,,,
343,62.97,88.59,98.65,85.64,,,,,,,
344,63.42,88.18,98.43,84.83,,,,,,,
345,63.53,88.58,97.46,84.56,,,,,,,
346,63.71,88.56,98.26,85.91,,,,,,,
347,64.22,88.73,98.01,85.82,,,,,,,
348,64.31,88.94,97.98,85.98,,,,,,,
349,64.35,89.09,97.65,86.63,,,,,,,
350,64.74,89.17,96.87,86.46,,,,,,,
351,64.83,88.69,97,86.36,,,,,,,
352,65.1,89.29,97.62,85.77,,,,,,,
353,64.85,89.3,98.77,86.09,,,,,,,
354,65.32,89.4,98.56,86.66,,,,,,,
355,65.67,89.06,98.99,85.36,,,,,,,
356,66.03,89.81,97.84,87.7,,,,,,,
357,66.2,89.52,98.16,86.9,,,,,,,
358,66.44,89.8,98.76,85.27,,,,,,,
359,66.61,90.02,97.27,86.25,,,,,,,
360,66.98,90.67,97.62,86.09,,,,,,,
361,67.13,90.41,98.31,85.84,,,,,,,
362,67.3,90.22,99.38,86.74,,,,,,,
363,67.27,90.09,97.21,86.3,,,,,,,
364,67.6,90.33,98.07,87.07,,,,,,,
365,67.63,90.43,97.45,88.29,,,,,,,
366,68.05,90.54,98.4,88.39,,,,,,,
367,68.45,90.27,96.98,89.46,,,,,,,
368,68.54,90.88,97.26,90.66,,,,,,,
369,68.82,91.25,98.26,89.81,,,,,,,
370,68.78,91.91,96.12,90.67,,,,,,,
371,68.74,91.94,97.82,91.49,,,,,,,
372,69.33,91.41,97.53,90.7,,,,,,,
373,69.33,92,97,91.22,,,,,,,
374,69.74,91.33,97.1,90.91,,,,,,,
375,69.87,91.21,99.05,90.72,,,,,,,
376,70.05,91.12,97.32,88.01,,,,,,,
377,69.94,91.28,97.05,89.27,,,,,,,
378,70.46,91,98.46,88.59,,,,,,,
379,70.46,91.12,98.62,87.45,,,,,,,
380,70.73,91.19,98.7,87.82,,,,,,,
381,70.93,91.17,97.11,88.09,,,,,,,
382,70.77,91.03,98.39,87.56,,,,,,,
383,71.03,91,96.36,87.81,,,,,,,
384,71.21,91.5,96.05,87.99,,,,,,,
385,71.62,91.29,97.18,87.51,,,,,,,
386,71.88,91.37,97.51,87.28,,,,,,,
387,71.28,91.34,97.97,90.5,,,,,,,
388,72.08,91.51,98.83,88.24,,,,,,,
389,72.1,91.36,98.35,87.77,,,,,,,
390,72.55,91.8,97.21,87.65,,,,,,,
391,72.68,91.56,98.6,88.27,,,,,,,
392,72.93,91.59,98.06,88.01,,,,,,,
393,72.8,91.62,97.82,88.11,,,,,,,
394,72.79,91.66,98.85,87.28,,,,,,,
395,73.49,91.37,97.91,87.83,,,,,,,
396,73.3,91.23,97.77,87.78,,,,,,,
397,73.25,91.52,97.79,88.22,,,,,,,
398,73.64,91.47,97.27,87.64,,,,,,,
399,73.31,91.53,97.09,87.74,,,,,,,
400,73.25,91.4,97.93,88.68,,,,,,,
401,73.43,91.35,97.28,89.64,,,,,,,
402,73.51,91.26,97.28,88.32,,,,,,,
403,73.72,91.71,97.96,89.31,,,,,,,
404,73.79,91.42,98.11,88.99,,,,,,,
405,73.97,91.22,98,89.39,,,,,,,
406,74.21,91.66,96.37,89.18,,,,,,,
407,74.72,91.63,98.82,89.06,,,,,,,
408,74.7,91.76,97.3,89.93,,,,,,,
409,74.81,91.59,98.87,90.96,,,,,,,
410,74.72,91.77,96.99,89.4,,,,,,,
411,74.85,91.58,97.51,88.47,,,,,,,
412,74.78,91.97,97.19,89.93,,,,,,,
413,74.8,91.72,97.45,89.52,,,,,,,
414,75.3,90.97,97.23,88.81,,,,,,,
415,75.53,91.37,98.13,88.03,,,,,,,
416,75.48,91.63,98.2,89.49,,,,,,,
417,75.57,91.45,98.41,88.33,,,,,,,
418,75.75,91.58,99.46,88.8,,,,,,,
419,75.42,91.78,98.97,88.32,,,,,,,
420,75.64,91.88,98.84,89.47,,,,,,,
421,76.06,91.2,97.41,89.53,,,,,,,
422,75.92,91.71,97.62,89.35,,,,,,,
423,76.16,91.85,98.77,90.39,,,,,,,
424,76.41,91.43,98.67,91.59,,,,,,,
425,76.56,91.64,96.95,91.29,,,,,,,
426,76.54,91.41,99.31,90.57,,,,,,,
427,76.66,91.5,97.85,89.5,,,,,,,
428,76.9,91.68,98.53,88.6,,,,,,,
429,76.62,91.7,97.79,88.26,,,,,,,
430,76.41,92.01,98.87,89.8,,,,,,,
431,77.03,91.86,98.52,89.31,,,,,,,
432,76.83,92.12,99.57,91.04,,,,,,,
433,77.25,92.1,96.33,91.52,,,,,,,
434,77.44,91.78,97.93,90.54,,,,,,,
435,77.55,91.67,96.61,89.78,,,,,,,
436,77.6,91.79,98.74,91.43,,,,,,,
437,77.58,91.65,96.66,90.97,,,,,,,
438,77.82,91.74,98.49,91.1,,,,,,,
439,78.02,91.73,98.68,91.55,,,,,,,
440,77.84,92.08,97.04,92.22,,,,,,,
441,77.53,91.73,98.31,91.58,,,,,,,
442,77.91,91.55,97.97,92.23,,,,,,,
443,78,91.92,97.56,91.77,,,,,,,
444,78.14,92.06,96.25,91.42,,,,,,,
445,77.92,91.95,97.28,91.55,,,,,,,
446,78.23,92.2,98.53,91.33,,,,,,,
447,78.13,91.94,97.47,92.73,,,,,,,
448,78.77,91.84,97.75,91.72,,,,,,,
449,78.48,91.92,97.23,91.71,,,,,,,
450,78.48,92.16,97.27,90.23,,,,,,,
451,78.65,92.16,100.01,91.02,,,,,,,
452,78.8,92.19,96.91,90.58,,,,,,,
453,78.72,91.7,98.74,89.95,,,,,,,
454,78.87,91.97,100.11,90.32,,,,,,,
455,79.02,92.04,97.72,90.59,,,,,,,
456,79.05,91.87,97.13,89.48,,,,,,,
457,78.86,91.92,97.61,90.31,,,,,,,
458,79.42,92.22,96.84,89.94,,,,,,,
459,79.58,92,98.21,91.33,,,,,,,
460,79.79,92.22,98.12,90.69,,,,,,,
461,79.48,92.04,96.6,90.47,,,,,,,
462,79.67,92.18,100.75,91.02,,,,,,,
463,79.67,92.18,97.28,90.85,,,,,,,
464,79.52,91.77,97.33,89.89,,,,,,,
465,79.79,91.82,97.63,90.38,,,,,,,
466,80.06,91.83,98.03,90.68,,,,,,,
467,80.13,92.04,98.77,90.97,,,,,,,
468,79.89,92.17,98.33,90.46,,,,,,,
469,80.13,91.92,98.91,91.33,,,,,,,
470,80.02,92.12,98.03,90.94,,,,,,,
471,80.25,92.01,99.04,89.95,,,,,,,
472,79.96,92.38,98.15,90.17,,,,,,,
473,80.64,91.92,97.23,90.72,,,,,,,
474,80.54,92.12,98.55,90.12,,,,,,,
475,80.56,92.17,98.92,90.49,,,,,,,
476,80.46,92.36,96.32,90.7,,,,,,,
477,80.74,91.84,97.56,91.21,,,,,,,
478,80.78,92.49,98.76,91.29,,,,,,,
479,80.63,92.34,98.61,90.54,,,,,,,
480,80.64,91.96,97.52,91.6,,,,,,,
481,80.85,92.27,98,90.02,,,,,,,
482,81.21,92.15,99.96,91.19,,,,,,,
483,81.2,91.92,98.01,92.03,,,,,,,
484,81.18,92.27,97.23,91.1,,,,,,,
485,81.29,92.18,97,91.42,,,,,,,
486,81.48,91.9,96.31,91.94,,,,,,,
487,81.49,92.52,98.83,91.44,,,,,,,
488,81.38,91.94,98.13,91.14,,,,,,,
489,81.44,92.01,96.66,91.35,,,,,,,
490,81.54,92.1,98.52,91.24,,,,,,,
491,81.82,91.94,98.21,91.73,,,,,,,
492,81.89,92.24,98.28,90.78,,,,,,,
493,81.7,92.11,98.89,91.46,,,,,,,
494,81.84,92.31,97.86,90.2,,,,,,,
495,81.86,91.67,96.74,90.53,,,,,,,
496,81.78,92.29,97.49,91.4,,,,,,,
497,82.14,92.34,100.68,90.75,,,,,,,
498,81.81,91.91,97.85,91.29,,,,,,,
499,81.79,92.04,98.46,91.28,,,,,,,
500,82.03,91.99,98.6,91.35,,,,,,,
501,82.22,92.05,97.45,90.97,,,,,,,
502,81.95,91.78,97.21,90.96,,,,,,,
503,81.79,91.95,97.86,90.29,,,,,,,
504,81.93,91.99,96,90.38,,,,,,,
505,82.37,92.18,97.67,90.88,,,,,,,
506,81.89,91.97,97.45,91.22,,,,,,,
507,82.02,92.38,97.73,90.27,,,,,,,
508,82.41,91.88,99.16,90.6,,,,,,,
509,82.28,92.38,99.03,89.95,,,,,,,
510,82.25,91.88,98.94,89.26,,,,,,,
511,82.19,92.05,97.14,90.6,,,,,,,
512,82.34,92.03,98.05,90.55,,,,,,,
513,82.58,92.1,98.08,90.48,,,,,,,
514,82.84,92.37,97.94,90.35,,,,,,,
515,82.24,92.33,97.72,90.22,,,,,,,
516,82.74,92.17,97.74,90.49,,,,,,,
517,82.41,91.96,97.75,90.02,,,,,,,
518,82.95,92.1,97.2,91.66,,,,,,,
519,82.57,92.55,98.85,90.82,,,,,,,
520,82.61,92.27,99.14,90.43,,,,,,,
521,82.71,91.88,97.03,90.58,,,,,,,
522,82.84,92.38,98.58,90.43,,,,,,,
523,82.74,92.17,97.45,90.13,,,,,,,
524,82.68,92.64,98.86,91.5,,,,,,,
525,82.83,92.31,99.89,91.2,,,,,,,
526,83.08,92.29,99.64,90.85,,,,,,,
527,83.08,92.17,98.42,91.22,,,,,,,
528,83.12,92.18,99.9,89.84,,,,,,,
529,83.14,91.91,98.82,90.88,,,,,,,
530,83.44,92.34,98.7,90.75,,,,,,,
531,83.31,92.6,98.37,90.98,,,,,,,
532,83.21,92.42,98.06,89.86,,,,,,,
533,83.02,92.07,97.93,90.35,,,,,,,
534,83.34,92.04,99.16,89.86,,,,,,,
535,83.6,92.18,97.94,90.57,,,,,,,
536,83.16,92.11,97.95,91.14,,,,,,,
537,83.37,92.06,97.43,91.2,,,,,,,
538,83.59,92.26,97.85,91.11,,,,,,,
539,83.09,92.02,98.48,90.27,,,,,,,
540,83.78,92.01,100.52,90.59,,,,,,,
541,83.25,92.02,98.26,90.23,,,,,,,
542,83.1,92.09,98.84,90.26,,,,,,,
543,83.12,92.34,99.33,90.68,,,,,,,
544,83.75,92.2,99.99,91.22,,,,,,,
545,83.31,92.36,98.05,90.59,,,,,,,
546,83.54,92.07,98.4,89.84,,,,,,,
547,83.49,92.24,96.81,90.35,,,,,,,
548,83.64,91.95,97.23,90.5,,,,,,,
549,83.46,92.1,98.88,91.26,,,,,,,
550,83.46,91.85,98.31,89.67,,,,,,,
551,83.37,92.03,98.87,90.63,,,,,,,
552,83.46,92.07,98.16,90.27,,,,,,,
553,83.77,92.18,98.81,90.46,,,,,,,
554,83.81,92.25,101.52,90.78,,,,,,,
555,83.47,92.36,98.87,91.72,,,,,,,
556,83.74,92.18,98.85,90.24,,,,,,,
557,83.49,92.18,96.43,90.9,,,,,,,
558,83.73,92.08,98.19,92.01,,,,,,,
559,83.8,92.02,100.27,90.22,,,,,,,
560,83.54,92.14,99.1,90.47,,,,,,,
561,83.68,92.31,99.64,91.06,,,,,,,
562,84,92.23,99.84,91.43,,,,,,,
563,83.4,91.99,99.05,91.51,,,,,,,
564,83.71,92.06,96.86,90.7,,,,,,,
565,83.74,92.18,97.67,91.75,,,,,,,
566,84.32,91.77,98.7,90.66,,,,,,,
567,83.71,92.22,97.65,90.71,,,,,,,
568,83.34,91.94,98.51,91.89,,,,,,,
569,83.61,92.17,99.4,90.33,,,,,,,
570,83.87,91.9,96.81,91.45,,,,,,,
571,83.98,92.17,98.44,90.73,,,,,,,
572,84.11,92.35,97.9,90.06,,,,,,,
573,84.06,92.18,98.07,90.65,,,,,,,
574,84,92.38,97.85,90.46,,,,,,,
575,84.41,92.2,95.85,91.47,,,,,,,
576,84.22,92.44,99.51,90.26,,,,,,,
577,83.87,92.44,98.1,90.49,,,,,,,
578,83.77,92.31,97.83,89.92,,,,,,,
579,84.29,92.22,97.5,90.12,,,,,,,
580,84.96,92.18,96.45,90.13,,,,,,,
581,84.35,91.92,98.13,89.65,,,,,,,
582,84.25,92.27,99.87,91.08,,,,,,,
583,84.49,92.09,97.51,90.53,,,,,,,
584,84.63,91.95,100.24,90.92,,,,,,,
585,84.52,92.01,99.3,91.34,,,,,,,
586,84.37,92.18,97.32,91.47,,,,,,,
587,84.21,92.34,100.61,91.56,,,,,,,
588,83.73,92.24,98.38,91.06,,,,,,,
589,84.38,92.39,96.44,91.67,,,,,,,
590,84.34,92.15,101.04,90.46,,,,,,,
591,84.43,91.98,98.25,90.32,,,,,,,
592,84.58,92.17,98.86,90.98,,,,,,,
593,84.39,92.28,100.88,91.17,,,,,,,
594,84.71,92.21,96.46,90.68,,,,,,,
595,85.05,91.88,100.71,91.28,,,,,,,
596,84.61,92.18,99,90.64,,,,,,,
597,84.42,92.31,99.65,90.25,,,,,,,
598,84.68,92.09,100.93,90.57,,,,,,,
599,84.57,92.14,97.68,91.87,,,,,,,
600,84.58,92.09,97.38,90.94,,,,,,,
601,84.65,92.18,99.29,91.25,,,,,,,
602,85.03,92.1,98.97,90.72,,,,,,,
603,84.85,92.04,98.05,90.92,,,,,,,
604,84.44,92.28,97.54,90.46,,,,,,,
605,84.71,92.18,98.22,91.03,,,,,,,
606,84.54,91.77,99.85,90.5,,,,,,,
607,84.5,92.45,97.48,90.96,,,,,,,
608,84.93,92.18,101,90.48,,,,,,,
609,84.48,91.83,100.44,90.34,,,,,,,
610,84.4,92.53,98.1,90.51,,,,,,,
611,84.71,92.17,98.35,91.82,,,,,,,
612,84.6,92.33,99.82,89.75,,,,,,,
613,84.54,92.19,99.66,91.54,,,,,,,
614,84.41,91.95,99.98,90.2,,,,,,,
615,84.86,92.04,98.8,90.23,,,,,,,
616,84.73,92.15,99.8,89.59,,,,,,,
617,84.55,92.4,99.05,90.36,,,,,,,
618,84.49,92.14,99.37,90.62,,,,,,,
619,84.92,92.25,100.72,89.69,,,,,,,
620,84.96,91.81,98.11,89.56,,,,,,,
621,85.2,92.31,100.2,90.18,,,,,,,
622,85.22,92.18,99.59,90.41,,,,,,,
623,85.14,92.36,98.67,90.63,,,,,,,
624,85.29,92.26,97.99,90.32,,,,,,,
625,85.1,92.28,99.17,91.34,,,,,,,
626,85.04,92.42,100.47,91.18,,,,,,,
627,85.09,92.33,98.8,89.78,,,,,,,
628,85.03,92.32,99.73,90.72,,,,,,,
629,85.04,92.12,100.7,90.42,,,,,,,
630,85.11,92.49,97.99,91.74,,,,,,,
631,85.04,92.68,96.83,90.88,,,,,,,
632,85.38,92.04,97,90.66,,,,,,,
633,85.26,92.42,99.3,91.28,,,,,,,
634,85.49,92.28,97.97,91.53,,,,,,,
635,85.15,92.27,101.16,91.41,,,,,,,
636,85.12,91.97,97.52,91.17,,,,,,,
637,84.9,92.28,95.91,90.13,,,,,,,
638,85.19,92.41,99.2,90.59,,,,,,,
639,84.94,92.2,98.2,90.3,,,,,,,
640,85.01,92,99.5,90.85,,,,,,,
641,85.31,92.42,98.75,90.61,,,,,,,
642,85.4,92.34,99.23,91.32,,,,,,,
643,85.64,92.46,99.3,90.51,,,,,,,
644,85.31,91.93,98.36,90.72,,,,,,,
645,85.29,92.25,97.89,90.99,,,,,,,
646,85.14,92.4,99.64,90.64,,,,,,,
647,85.38,92.29,100.58,90.1,,,,,,,
648,85.58,92.45,97.92,91.31,,,,,,,
649,85.19,92.58,99.33,90.4,,,,,,,
650,85.15,92.26,97.55,90.72,,,,,,,
651,85.36,92.46,98.63,91.45,,,,,,,
652,85.29,92.22,100.55,90.7,,,,,,,
653,85.06,92.12,98.47,90.4,,,,,,,
654,85.31,92.11,98.21,90.44,,,,,,,
655,85.41,92.09,101.82,90.46,,,,,,,
656,85.42,91.94,98.34,91.45,,,,,,,
657,85.38,92.15,98.3,91.83,,,,,,,
658,85.23,92.31,98,90.81,,,,,,,
659,85.15,92.25,98.88,90.67,,,,,,,
660,85.28,91.78,100.42,89.49,,,,,,,
661,85.42,92.37,99.86,91.98,,,,,,,
662,85.81,92.21,99.42,90.84,,,,,,,
663,85.26,92.12,99.75,90.02,,,,,,,
664,85.45,91.9,97.49,90.54,,,,,,,
665,85.37,92,99.47,89.83,,,,,,,
666,85.38,92.23,101.39,89.19,,,,,,,
667,85.65,92.28,100.45,90.69,,,,,,,
668,85.56,92.07,99.64,90.46,,,,,,,
669,85.25,92.01,100.21,90.56,,,,,,,
670,85.95,92.08,99.24,90.72,,,,,,,
671,85.58,92.22,99.61,90.34,,,,,,,
672,85.53,92.11,99.89,89.61,,,,,,,
673,85.5,91.99,98.69,90.45,,,,,,,
674,85.57,92.35,97.99,89.61,,,,,,,
675,85.49,92.22,98.47,91.35,,,,,,,
676,85.7,92.17,100.09,90.96,,,,,,,
677,85.45,92.32,100.49,90.64,,,,,,,
678,85.23,92.23,98.22,90.59,,,,,,,
679,85.73,92.19,99.91,91,,,,,,,
680,85.58,92.25,97.92,91.32,,,,,,,
681,85.55,92.25,99.23,90.98,,,,,,,
682,85.59,92.32,97.45,91.08,,,,,,,
683,85.9,92.18,97.68,91.23,,,,,,,
684,85.82,92.48,99.16,92.08,,,,,,,
685,85.72,92.14,98.26,91.62,,,,,,,
686,85.87,92.37,97.52,91.28,,,,,,,
687,85.51,92.18,99.68,91.98,,,,,,,
688,85.34,92.34,96.97,91.62,,,,,,,
689,85.68,92.08,98.18,92.46,,,,,,,
690,85.68,92.31,98.63,91.75,,,,,,,
691,85.85,91.91,97.62,91.75,,,,,,,
692,85.59,92.42,99.48,92.05,,,,,,,
693,85.8,91.94,99.27,91.36,,,,,,,
694,84.98,92.23,98.54,91.04,,,,,,,
695,85.75,92.15,98.86,91.12,,,,,,,
696,85.95,91.95,101.5,91.5,,,,,,,
697,85.67,92.04,98.91,92.29,,,,,,,
698,85.75,92.21,99.03,91.59,,,,,,,
699,85.87,92.25,99.1,91.68,,,,,,,
700,85.75,92.36,98.36,91.73,,,,,,,
701,85.65,92.35,101.11,92.65,,,,,,,
702,85.99,92.47,101.68,91.6,,,,,,,
703,85.6,92.16,98.4,91.83,,,,,,,
704,85.81,92.03,100.15,91.61,,,,,,,
705,85.98,92.22,99.85,90.52,,,,,,,
706,85.65,92.39,99.55,90.7,,,,,,,
707,85.88,92.17,99.7,90.76,,,,,,,
708,86.08,92.45,98.05,90.72,,,,,,,
709,85.76,92.12,97.38,91.2,,,,,,,
710,85.93,92.59,98.01,91.68,,,,,,,
711,85.71,92.27,101.29,91.62,,,,,,,
712,85.82,92.25,97.88,91.58,,,,,,,
713,85.8,92.19,97.78,92.34,,,,,,,
714,86.06,92.23,100.32,91.63,,,,,,,
715,85.73,92.3,97.21,91.4,,,,,,,
716,86.13,92.14,100.43,90.68,,,,,,,
717,86.06,92.45,98.83,91.87,,,,,,,
718,86.21,92.25,99.16,92.07,,,,,,,
719,85.86,92.14,99.53,91.26,,,,,,,
720,86.38,92.47,97.45,92,,,,,,,
721,85.82,92.27,99.65,91.91,,,,,,,
722,86,92.25,97.8,91.39,,,,,,,
723,86.21,92.35,97.94,92.32,,,,,,,
724,86.2,92.09,99.94,91.34,,,,,,,
725,86.2,92.18,99.39,91.58,,,,,,,
726,85.75,92.23,99.75,92.27,,,,,,,
727,85.97,92.04,97.22,92.14,,,,,,,
728,86.08,92.07,99.18,91.86,,,,,,,
729,86.18,92.27,98.81,91.66,,,,,,,
730,86.55,92.09,100.09,92.15,,,,,,,
731,86.22,92.42,98.91,91.51,,,,,,,
732,86.05,92.4,96.97,91.44,,,,,,,
733,85.99,92.09,98.79,92.37,,,,,,,
734,86.29,92.42,98.47,92.47,,,,,,,
735,86.62,91.97,97,92.14,,,,,,,
736,86.07,92.29,99,92.13,,,,,,,
737,86.27,92.23,98.29,93.34,,,,,,,
738,86.34,92.04,100,91.61,,,,,,,
739,86.16,91.92,100.67,92.08,,,,,,,
740,86.47,92.2,99.79,91.75,,,,,,,
741,86.25,92.14,100.87,91.59,,,,,,,
742,86.27,92.58,99.26,91.4,,,,,,,
743,86.39,92.47,97.55,91.25,,,,,,,
744,86.15,92.11,97,91.39,,,,,,,
745,86.08,92.26,99.02,92.35,,,,,,,
746,86.41,92.15,99.36,91.25,,,,,,,
747,86.15,92.28,100.9,91.95,,,,,,,
748,86.3,92.52,101.5,91.41,,,,,,,
749,86.43,92.46,99.34,92.55,,,,,,,
750,86.93,92.32,100.31,92.15,,,,,,,
751,86.53,92.39,101.28,91.67,,,,,,,
752,86.45,92.25,99.19,92.57,,,,,,,
753,86.35,92.07,99.97,91.02,,,,,,,
754,86.23,92.31,99.08,91.27,,,,,,,
755,86.57,92.36,100.32,91.82,,,,,,,
756,86.57,92.38,99.88,90.92,,,,,,,
757,86.68,92.16,99.93,91.96,,,,,,,
758,86.37,92.35,97.89,91.21,,,,,,,
759,86.74,92.47,96.81,91.43,,,,,,,
760,86.51,92.53,97.42,91.88,,,,,,,
761,86.38,92.34,101.37,91.46,,,,,,,
762,86.17,92.02,99.02,91.48,,,,,,,
763,86.14,91.99,99.65,91.93,,,,,,,
764,86.22,92.24,100.68,91.34,,,,,,,
765,86.62,92.46,98.58,91.76,,,,,,,
766,86.61,92.26,99.6,92.28,,,,,,,
767,86.53,92.16,97.29,91.18,,,,,,,
768,86.25,92.2,98.62,91,,,,,,,
769,86.52,92.24,99.39,91.96,,,,,,,
770,86.72,92.27,100.2,91.37,,,,,,,
771,87.07,91.8,99.36,91.45,,,,,,,
772,86.57,92.27,98.59,91.55,,,,,,,
773,86.93,92.14,98.42,91.72,,,,,,,
774,87.09,92.28,99.2,92.28,,,,,,,
775,86.52,92.34,99.34,91.52,,,,,,,
776,86.57,92.1,100.1,91.94,,,,,,,
777,86.72,92.34,98.81,91.6,,,,,,,
778,86.82,92.37,99.23,91,,,,,,,
779,86.5,92.36,97.75,92.33,,,,,,,
780,86.98,92.31,98.5,91.09,,,,,,,
781,86.46,92.06,99.21,91.56,,,,,,,
782,86.67,92.26,100.23,91.65,,,,,,,
783,86.76,92.34,100.26,91.88,,,,,,,
784,86.7,92.47,99.85,92.2,,,,,,,
785,86.06,92.15,98.29,91.97,,,,,,,
786,86.82,92.36,97.68,91.66,,,,,,,
787,87.12,92.36,100.24,90.23,,,,,,,
788,86.93,92.32,98.17,92.47,,,,,,,
789,86.26,92.04,98.2,92.41,,,,,,,
790,86.56,92.36,98.12,90.44,,,,,,,
791,86.66,92.39,98.73,91.56,,,,,,,
792,86.62,91.97,101.76,92.1,,,,,,,
793,86.37,91.95,100.45,91.14,,,,,,,
794,87.07,92.26,98.96,91.44,,,,,,,
795,87.07,91.99,97.49,92.22,,,,,,,
796,86.69,92.31,98.67,90.98,,,,,,,
797,86.89,92.49,99.41,91.43,,,,,,,
798,87.02,92.08,99.18,91.92,,,,,,,
799,86.86,92.28,98.09,91.78,,,,,,,
800,86.85,92.36,98.45,91.59,,,,,,,
801,86.69,92.37,99.92,91.6,,,,,,,
802,86.84,92.42,98.49,91.07,,,,,,,
803,86.64,92.21,98.55,92.24,,,,,,,
804,87.05,91.95,98.91,91.24,,,,,,,
805,86.51,92.11,98.16,91.06,,,,,,,
806,86.83,91.87,97.77,91.39,,,,,,,
807,86.7,92.54,98.48,92,,,,,,,
808,86.64,92.4,99.31,91.29,,,,,,,
809,87.17,91.95,100.73,90.8,,,,,,,
810,87.07,92.12,98.23,92.03,,,,,,,
811,86.8,92.12,98.31,91.8,,,,,,,
812,86.76,92.43,99.7,92.17,,,,,,,
813,87.08,92.15,100.07,92.54,,,,,,,
814,86.77,92.32,99.93,91.34,,,,,,,
815,86.74,92.39,97.87,92.8,,,,,,,
816,86.63,92.15,99.45,91.62,,,,,,,
817,86.99,92.17,99.27,91.63,,,,,,,
818,87,92.44,99.03,92.22,,,,,,,
819,86.64,92.2,97.91,91.85,,,,,,,
820,86.96,92.51,96.98,90.87,,,,,,,
821,87.19,92.47,100.29,92.08,,,,,,,
822,87.48,91.84,98.36,90.46,,,,,,,
823,87.07,92.21,99.61,91.74,,,,,,,
824,87.11,92.44,100.37,91.4,,,,,,,
825,87.19,92.28,100.79,91.51,,,,,,,
826,87.09,92.37,98.77,91.43,,,,,,,
827,87.04,92.4,98.41,91.04,,,,,,,
828,87.14,92.39,98.73,92.09,,,,,,,
829,87.25,92.32,100,91.43,,,,,,,
830,87.29,92.22,100.54,90.85,,,,,,,
831,86.8,92.43,98.63,91.23,,,,,,,
832,86.89,92.41,99.01,91.22,,,,,,,
833,87,92.07,97.45,90.65,,,,,,,
834,87.45,92.18,99.29,90.7,,,,,,,
835,87.32,92.43,97.33,91.2,,,,,,,
836,87.21,91.86,99.52,92.04,,,,,,,
837,87.28,92.11,100.11,91.54,,,,,,,
838,87.44,92.46,97.34,91.17,,,,,,,
839,87.55,92.14,96.95,90.72,,,,,,,
840,87.29,92.41,97.66,92.37,,,,,,,
841,86.69,92.02,99.58,91.79,,,,,,,
842,87.06,92.21,99.5,91.25,,,,,,,
843,87.04,92.39,97.08,90.94,,,,,,,
844,87.11,92.37,98.77,91.47,,,,,,,
845,87.13,92.43,99.69,91.47,,,,,,,
846,86.9,92.58,100.06,91.53,,,,,,,
847,86.88,92.24,99.44,91.84,,,,,,,
848,87.25,91.85,99.01,91.32,,,,,,,
849,87.14,92.36,100.28,91.05,,,,,,,
850,87,92.14,99.42,92,,,,,,,
851,86.84,92.31,98.86,91.28,,,,,,,
852,87.49,92.07,99.93,90.07,,,,,,,
853,86.98,92.21,99.73,91.26,,,,,,,
854,86.9,92.29,98.37,92.42,,,,,,,
855,86.95,92.15,99.68,92.58,,,,,,,
856,86.9,92.04,97.56,91.65,,,,,,,
857,87.36,92.47,98.14,91.19,,,,,,,
858,87.31,92.32,99.33,91.53,,,,,,,
859,87.19,91.75,98.42,91.87,,,,,,,
860,87.67,92.04,98.15,91.29,,,,,,,
861,87.26,92.38,99.75,91.95,,,,,,,
862,87.41,92.06,97.91,92.09,,,,,,,
863,87.32,92.02,99.26,91.77,,,,,,,
864,87.57,92.07,98.31,92.02,,,,,,,
865,87.36,92.32,99.07,91.62,,,,,,,
866,87.59,92.03,101.19,92.32,,,,,,,
867,87.53,92.19,97.62,92.08,,,,,,,
868,87.58,92.31,96.62,91.94,,,,,,,
869,87.43,92.11,97.85,92,,,,,,,
870,87.31,92.19,97.89,91.51,,,,,,,
871,87.49,92,100.28,91.13,,,,,,,
872,87.21,92.31,99.23,91.27,,,,,,,
873,87.08,92.32,98.39,91.2,,,,,,,
874,87.22,91.91,97.8,91.59,,,,,,,
875,87.49,92.06,99,90.78,,,,,,,
876,87.53,92.37,98.86,90.27,,,,,,,
877,87.28,92.37,101.58,91.91,,,,,,,
878,87.3,92.2,97.83,90.71,,,,,,,
879,87.29,92.46,98.03,90.83,,,,,,,
880,87.43,92.37,98.48,92.24,,,,,,,
881,87.56,92,98.23,91.56,,,,,,,
882,87.45,91.94,98.58,91.73,,,,,,,
883,87.07,92.1,97.8,91.51,,,,,,,
884,87.36,92.58,98.75,91.12,,,,,,,
885,86.74,92.12,98.78,91.74,,,,,,,
886,86.83,92.13,97.13,91.93,,,,,,,
887,87.01,92.12,98.42,92.16,,,,,,,
888,87.28,92.56,96.78,91.87,,,,,,,
889,87.2,92.27,97.16,91.73,,,,,,,
890,87.16,92.37,99.01,91.75,,,,,,,
891,87.37,91.93,98.53,92.41,,,,,,,
892,87.25,92.28,97.93,91.35,,,,,,,
893,87.06,91.96,97.89,91.23,,,,,,,
894,87.09,92.34,98.07,92.18,,,,,,,
895,87.25,92.2,101.42,91.47,,,,,,,
896,87.17,92.36,98.79,90.6,,,,,,,
897,87.53,92.37,98.13,91.26,,,,,,,
898,87.27,92.22,99.12,91.55,,,,,,,
899,87.76,92.5,98.28,90.96,,,,,,,
900,87.73,92.12,99.47,90.78,,,,,,,
901,87.53,92.3,99.53,93.07,,,,,,,
902,87.39,92.06,98.69,91.99,,,,,,,
903,87.63,92.15,98.98,91.09,,,,,,,
904,87.14,92.32,98.63,91.05,,,,,,,
905,87.37,92.24,99.26,91.46,,,,,,,
906,87.68,92.29,100.38,91.16,,,,,,,
907,87.39,91.85,98.03,92.87,,,,,,,
908,87.44,92.14,97.7,90.5,,,,,,,
909,87.65,92.11,99.83,90.98,,,,,,,
910,87.53,92.45,98.45,92.65,,,,,,,
911,87.07,92.29,99.38,91.91,,,,,,,
912,87.39,92.21,98.29,91.95,,,,,,,
913,87.02,91.99,97.63,91.18,,,,,,,
914,87.31,92.2,99.23,91.5,,,,,,,
915,87.51,92.02,99.33,91.87,,,,,,,
916,87.04,91.92,97.95,90.68,,,,,,,
917,87.31,92.22,98.41,91.12,,,,,,,
918,86.96,92.5,97.78,91.19,,,,,,,
919,87.38,92,97.7,91.69,,,,,,,
920,87.26,92.36,97.59,91.55,,,,,,,
921,87.34,92.31,98.69,92.41,,,,,,,
922,86.98,92.34,99.62,90.37,,,,,,,
923,87.38,92.42,98.82,91.93,,,,,,,
924,87.44,92.34,100.11,91.01,,,,,,,
925,87.66,91.71,100.84,91.61,,,,,,,
926,87.44,91.81,96.29,91.29,,,,,,,
927,87.59,92.07,97.58,90.72,,,,,,,
928,87.54,92.08,98.13,92.13,,,,,,,
929,87.93,92.09,98.05,91.58,,,,,,,
930,87.89,92.32,97.5,92,,,,,,,
931,87.54,92.51,99.42,92.04,,,,,,,
932,87.4,92.07,97.27,91.31,,,,,,,
933,87.65,91.82,99.33,91.72,,,,,,,
934,87.39,92.52,98.54,91.38,,,,,,,
935,87.62,92.32,98.37,90.79,,,,,,,
936,87.38,92.23,98.17,91.01,,,,,,,
937,87.73,91.92,100.82,92.24,,,,,,,
938,87.67,92.15,98.52,91.41,,,,,,,
939,87.6,92.11,98.97,91.72,,,,,,,
940,88.02,92.09,99.95,91.77,,,,,,,
941,87.65,91.99,98.37,92.86,,,,,,,
942,87.55,92.37,97.59,91.72,,,,,,,
943,87.84,92.08,98.89,90.55,,,,,,,
944,87.78,92.39,98.79,90.7,,,,,,,
945,87.7,92.34,100.27,91.64,,,,,,,
946,88.13,92.22,98.22,90.8,,,,,,,
947,87.64,92.46,95.91,91.22,,,,,,,
948,87.6,92.02,98.95,90.65,,,,,,,
949,87.81,92.4,98.29,91.72,,,,,,,
950,87.41,92.24,99.99,92.02,,,,,,,
951,87.62,92.31,97.38,92.99,,,,,,,
952,87.7,92.09,100.15,91.7,,,,,,,
953,87.43,92.25,99.91,91.21,,,,,,,
954,87.94,92.22,98.92,91.31,,,,,,,
955,87.83,92.14,98.14,91.06,,,,,,,
956,88.02,92.17,98.64,91.14,,,,,,,
957,87.71,92.28,97.92,91.41,,,,,,,
958,87.83,92.14,99.75,91.59,,,,,,,
959,87.56,92.15,97.97,91.75,,,,,,,
960,87.36,92.32,98.01,92.04,,,,,,,
961,87.95,92.17,98.05,91.83,,,,,,,
962,87.71,92.28,98.3,91.75,,,,,,,
963,87.44,92.34,98.29,91.28,,,,,,,
964,87.61,92.31,99.26,91.25,,,,,,,
965,87.67,92.41,97.82,90.9,,,,,,,
966,87.53,92.18,97.96,90.69,,,,,,,
967,87.79,92.03,99.14,91.94,,,,,,,
968,87.98,91.91,98.19,91.26,,,,,,,
969,87.39,92.09,97.6,91.19,,,,,,,
970,87.95,92.17,97.71,90.61,,,,,,,
971,87.84,92.45,98.8,91.23,,,,,,,
972,87.71,92.02,97.38,90.97,,,,,,,
973,87.88,92.31,97.39,91.79,,,,,,,
974,88.11,92.3,99.18,91.03,,,,,,,
975,88.08,92.17,100.48,91.51,,,,,,,
976,88.04,91.96,99.66,91.33,,,,,,,
977,88.03,92.09,99.71,91.61,,,,,,,
978,87.9,92.6,98.03,90.92,,,,,,,
979,88.14,92.04,98.58,91.81,,,,,,,
980,87.88,91.95,96.7,90.8,,,,,,,
981,87.7,92.25,99.27,90.83,,,,,,,
982,87.68,92.23,99.44,91.95,,,,,,,
983,87.74,92.05,99.35,91.17,,,,,,,
984,87.81,92.45,97.71,90.96,,,,,,,
985,87.83,92.28,98.08,91.45,,,,,,,
986,87.64,91.94,97.43,90.91,,,,,,,
987,87.4,92.07,99.55,91.73,,,,,,,
988,87.34,92.12,98.84,90.02,,,,,,,
989,87.86,92.06,97.96,90.81,,,,,,,
990,87.78,92.44,97.61,92.19,,,,,,,
991,87.78,91.99,99.14,90.9,,,,,,,
992,87.78,92.46,98.17,91.76,,,,,,,
993,87.51,91.95,98.96,91.3,,,,,,,
994,87.84,92.54,98.76,91.99,,,,,,,
995,88.08,92.39,98.5,91.43,,,,,,,
996,87.67,92.37,99.7,90.83,,,,,,,
997,87.83,91.69,99.03,90.82,,,,,,,
998,87.79,92.05,99.16,90.88,,,,,,,
999,87.72,91.86,99.77,90.98,,,,,,,
1000,87.99,91.9,100.7,90.89,,,,,,,
1001,87.37,92.15,97.73,91.25,,,,,,,
1002,87.7,92.38,99.94,91.43,,,,,,,
1003,87.46,91.94,99.98,91.43,,,,,,,
1004,87.68,92.2,99.79,91.24,,,,,,,
1005,87.68,92.25,101.14,90.95,,,,,,,
1006,87.93,91.94,98.51,90.2,,,,,,,
1007,87.91,92.33,97.49,91.72,,,,,,,
1008,87.95,92.54,99.46,92.5,,,,,,,
1009,87.64,92.44,99.99,91.6,,,,,,,
1010,87.77,92.03,99.71,91.36,,,,,,,
1011,88.2,91.99,99.19,91.34,,,,,,,
1012,87.63,92.15,100.22,90.94,,,,,,,
1013,87.85,92.05,99.2,91.34,,,,,,,
1014,88.08,92.18,98.01,91.41,,,,,,,
1015,87.97,91.78,100.32,91.32,,,,,,,
1016,87.59,92.35,99.48,91.5,,,,,,,
1017,87.64,92.05,100.06,90.99,,,,,,,
1018,87.91,92.05,100.38,90.62,,,,,,,
1019,87.79,92.65,100,91.02,,,,,,,
1020,88.12,92.08,99.46,90.92,,,,,,,
1021,87.84,92.5,99.67,92.24,,,,,,,
1022,87.45,92.39,99.91,91.58,,,,,,,
1023,87.8,92.21,97.91,91.63,,,,,,,
1024,87.8,92.25,98.11,90.45,,,,,,,
1025,87.67,92.04,99.82,91.53,,,,,,,
1026,87.65,92.57,99.95,91.19,,,,,,,
1027,87.89,92.07,98.83,90.34,,,,,,,
1028,87.91,92.22,100.06,90.5,,,,,,,
1029,87.81,92.22,100.22,91.86,,,,,,,
1030,87.74,91.75,98.9,90.39,,,,,,,
1031,87.63,92.35,101.16,91.66,,,,,,,
1032,87.52,92.31,99.09,90.41,,,,,,,
1033,87.72,92.1,98.66,91.1,,,,,,,
1034,87.97,92.17,99.54,90.03,,,,,,,
1035,87.97,92.32,98.58,90.17,,,,,,,
1036,88.16,92.1,100.87,90.49,,,,,,,
1037,88.2,91.99,101.14,91.74,,,,,,,
1038,88.07,92.41,99.28,90.37,,,,,,,
1039,88.08,92.18,98.43,91.98,,,,,,,
1040,87.94,92.37,96.95,91.49,,,,,,,
1041,88.1,92.27,98.03,90.63,,,,,,,
1042,88.26,92.46,98.8,91,,,,,,,
1043,87.96,92.05,98.67,91.11,,,,,,,
1044,87.53,92.47,97.42,91.5,,,,,,,
1045,88.07,92.03,99.12,90.94,,,,,,,
1046,88.07,92.15,100.37,91.67,,,,,,,
1047,88.14,92.42,98.53,91.86,,,,,,,
1048,87.84,91.86,101.16,90.93,,,,,,,
1049,87.88,92.18,100.74,91.75,,,,,,,
1050,87.84,92.1,99.03,91.31,,,,,,,
1051,87.99,92.16,98.74,91.22,,,,,,,
1052,87.74,92.07,99.14,90.8,,,,,,,
1053,87.81,92.01,101.84,92.59,,,,,,,
1054,87.59,91.95,99.59,91.29,,,,,,,
1055,88.12,92.18,99.02,90.4,,,,,,,
1056,88.06,92.54,99.67,91.34,,,,,,,
1057,87.79,92.04,98.29,90.67,,,,,,,
1058,87.57,91.9,98.57,92.15,,,,,,,
1059,87.68,92.31,98.42,92.08,,,,,,,
1060,87.6,92.66,99.17,91.89,,,,,,,
1061,87.75,92.05,98.35,91.21,,,,,,,
1062,87.6,92.46,98.58,91.41,,,,,,,
1063,88.39,92.14,96.49,91.22,,,,,,,
1064,87.84,91.98,97.17,91.71,,,,,,,
1065,87.78,91.7,100.42,90.83,,,,,,,
1066,88.16,92.19,99.1,91.51,,,,,,,
1067,87.68,91.99,99.87,91.03,,,,,,,
1068,88.18,92.23,100.02,90.19,,,,,,,
1069,88.07,92.38,98.96,91.08,,,,,,,
1070,87.8,92.2,97.98,91.25,,,,,,,
1071,87.97,92.08,100.92,91.66,,,,,,,
1072,88.08,92.13,100.36,90.79,,,,,,,
1073,88.16,91.98,99.73,92.03,,,,,,,
1074,87.89,91.91,100.81,90.85,,,,,,,
1075,87.94,91.99,97.71,91.08,,,,,,,
1076,88.03,92.18,99.85,91.09,,,,,,,
1077,87.82,92.03,101.1,90.73,,,,,,,
1078,87.86,92.14,100.68,90.91,,,,,,,
1079,88.15,92.44,98.58,91.77,,,,,,,
1080,88.15,92.1,101.97,91.83,,,,,,,
1081,88.08,92.32,100.31,91,,,,,,,
1082,88.17,92.3,99.98,91.29,,,,,,,
1083,88.25,92.11,99.88,91.06,,,,,,,
1084,88.41,92.15,99.29,91.85,,,,,,,
1085,88.42,92.4,100.87,91.03,,,,,,,
1086,88.11,92.19,99.83,92.05,,,,,,,
1087,88.19,92.09,98.77,90.87,,,,,,,
1088,88.35,92.4,100.15,90.87,,,,,,,
1089,88.27,92.29,99.94,90.58,,,,,,,
1090,87.97,92.18,98.31,91.45,,,,,,,
1091,87.81,92.2,98.8,90.9,,,,,,,
1092,88.24,92.17,100.01,91.6,,,,,,,
1093,87.83,92.32,99.66,90.92,,,,,,,
1094,88.27,92.02,101.77,91.26,,,,,,,
1095,88.1,92.47,100.95,91.39,,,,,,,
1096,88.26,92.43,98.15,92.27,,,,,,,
1097,87.84,92.14,97.75,91.01,,,,,,,
1098,87.99,92.4,100.41,90.8,,,,,,,
1099,88.2,92.24,102.39,91.34,,,,,,,
1100,88.31,92.3,98.12,91,,,,,,,
1101,88.1,92.12,99.79,90.13,,,,,,,
1102,88.23,92.31,99.73,90.73,,,,,,,
1103,88.63,92.34,99.46,90.26,,,,,,,
1104,87.79,92.02,99.51,91.53,,,,,,,
1105,87.99,92.41,99.76,90.84,,,,,,,
1106,88.24,92.12,100.31,91.77,,,,,,,
1107,88.15,92.52,101.52,90.07,,,,,,,
1108,87.99,92.1,99.05,91,,,,,,,
1109,88.24,92.47,99.06,91.71,,,,,,,
1110,88.41,91.99,99.03,91.49,,,,,,,
1111,88.38,92.13,100.73,90.02,,,,,,,
1112,88.26,92.27,98.02,91.54,,,,,,,
1113,88.26,92.31,100.49,91.86,,,,,,,
1114,88.45,91.99,99.27,92.04,,,,,,,
1115,88.11,92.18,98.85,90.64,,,,,,,
1116,88.31,92.17,99.66,91.21,,,,,,,
1117,88.12,92.07,100.86,91.14,,,,,,,
1118,88.1,92.36,97.4,91.29,,,,,,,
1119,87.96,92.31,99.16,90.76,,,,,,,
1120,88.25,92.34,99.97,90.72,,,,,,,
1121,87.83,91.98,100.17,90.82,,,,,,,
1122,87.75,92.03,98.92,91,,,,,,,
1123,88.29,92.1,100.95,91.43,,,,,,,
1124,87.88,92.47,100.76,92.53,,,,,,,
1125,87.92,92.2,100.25,91.65,,,,,,,
1126,87.84,92.38,100.21,90.75,,,,,,,
1127,87.99,91.88,99.5,91.79,,,,,,,
1128,88.29,91.88,100.43,91.58,,,,,,,
1129,88.24,92.17,99.51,90.35,,,,,,,
1130,88.31,92.54,99.46,91.39,,,,,,,
1131,87.89,92.49,98.05,91.22,,,,,,,
1132,88.07,92.44,98.7,91.34,,,,,,,
1133,88.26,92.08,100.09,90.52,,,,,,,
1134,88.19,92.37,100.04,91.84,,,,,,,
1135,88.26,91.99,98.75,90.84,,,,,,,
1136,88.28,92.39,97.32,90.78,,,,,,,
1137,88.28,92.15,98.96,91.46,,,,,,,
1138,87.88,92.39,98.31,92.36,,,,,,,
1139,88,92.2,101.51,91.94,,,,,,,
1140,87.81,92.35,99.69,90.7,,,,,,,
1141,88.1,91.89,99.11,91.14,,,,,,,
1142,88.33,92.05,100.76,90.89,,,,,,,
1143,88.11,92.35,100.3,90.39,,,,,,,
1144,88.05,92.23,100.24,90.35,,,,,,,
1145,88.38,92.23,98.12,90.7,,,,,,,
1146,88.16,92.39,101.05,90.41,,,,,,,
1147,87.99,92.25,98.49,90.12,,,,,,,
1148,88.35,92.36,100.04,92.35,,,,,,,
1149,88.2,92.48,100.65,91.25,,,,,,,
1150,88.44,92.13,99.69,89.76,,,,,,,
1151,88.03,92.12,98.82,91.12,,,,,,,
1152,87.46,92.47,102.12,91.89,,,,,,,
1153,88.23,92.32,98.14,91.02,,,,,,,
1154,88.34,92.08,99.1,91.47,,,,,,,
1155,88.01,92.32,99.03,90.99,,,,,,,
1156,87.94,92.3,98.51,91.37,,,,,,,
1157,88.03,92.5,99.1,91.17,,,,,,,
1158,88.32,92.18,101.14,90.34,,,,,,,
1159,88.37,92.25,99.98,91.17,,,,,,,
1160,88.53,92.08,99.62,91.37,,,,,,,
1161,88.32,92.11,99.25,90.97,,,,,,,
1162,88.35,92.37,100.19,90.31,,,,,,,
1163,88.51,92.27,101.17,89.76,,,,,,,
1164,88.5,92.2,99.89,90.72,,,,,,,
1165,88.34,92.05,99.59,91.06,,,,,,,
1166,87.97,92.21,101.82,90.74,,,,,,,
1167,88.22,92.11,98.72,90.03,,,,,,,
1168,88.44,92.52,99.34,90.76,,,,,,,
1169,88.27,92.29,99.82,90.94,,,,,,,
1170,88.02,92.09,98.76,90.37,,,,,,,
1171,88.06,92.23,100.31,91.74,,,,,,,
1172,88.51,92.01,100.39,90.49,,,,,,,
1173,88.2,92.46,99.56,91.13,,,,,,,
1174,88.26,92.12,100.53,90.85,,,,,,,
1175,88.29,92.05,100.41,91.7,,,,,,,
1176,88.55,92.16,99.36,90.82,,,,,,,
1177,88.49,92.36,101.7,90.49,,,,,,,
1178,88.37,92.1,99.88,91.89,,,,,,,
1179,88.23,92.25,99.55,90.92,,,,,,,
1180,88.58,92.02,99.93,90.5,,,,,,,
1181,88.23,92.43,99.09,91.05,,,,,,,
1182,88.41,92.19,98.88,91.87,,,,,,,
1183,88.28,92.28,99.23,91.26,,,,,,,
1184,88.37,92.27,99.84,90.95,,,,,,,
1185,88.25,92.23,99.97,90.94,,,,,,,
1186,88.48,92.18,97.82,91.63,,,,,,,
1187,88.71,92.36,99.1,91.95,,,,,,,
1188,88.43,92.38,99.82,91.46,,,,,,,
1189,88.12,92.12,99.54,92.2,,,,,,,
1190,88.69,92.02,100.08,91.19,,,,,,,
1191,88.44,92.05,100.67,91.4,,,,,,,
1192,88.59,92.32,99.37,91.91,,,,,,,
1193,88.44,92.14,100.17,91.53,,,,,,,
1194,88.19,92.44,99.22,91.67,,,,,,,
1195,88.84,92.05,98.59,89.81,,,,,,,
1196,88.29,92.06,97.57,90.67,,,,,,,
1197,88.37,92.43,98.28,90.94,,,,,,,
1198,88.74,92.14,99.01,91.82,,,,,,,
1199,88.89,92.1,100.77,91.64,,,,,,,
1200,88.18,92.22,99.03,91.5,,,,,,,
1201,88.63,92.4,99.13,90.99,,,,,,,
1202,88.61,91.82,99.9,91.49,,,,,,,
1203,88.34,91.87,98.82,91.19,,,,,,,
1204,88.81,92.05,98.52,90.59,,,,,,,
1205,88.65,92.18,97.5,90.78,,,,,,,
1206,88.36,92.19,98.93,91.98,,,,,,,
1207,88.29,92.31,97.22,90.87,,,,,,,
1208,88.77,92.01,101.33,90.44,,,,,,,
1209,88.87,92.42,99.69,90.11,,,,,,,
1210,88.57,92.18,100.59,90.9,,,,,,,
1211,88.76,92.44,98.84,91.01,,,,,,,
1212,88.68,91.99,98.27,90.49,,,,,,,
1213,88.08,92.25,99.82,91.37,,,,,,,
1214,88.65,91.92,101.36,89.57,,,,,,,
1215,88.66,92.12,99.63,92.08,,,,,,,
1216,88.75,92.31,98.96,90.49,,,,,,,
1217,88.54,91.98,100.37,91.13,,,,,,,
1218,88.57,92.25,100.31,90.01,,,,,,,
1219,88.74,92.25,100.53,90.83,,,,,,,
1220,88.63,92.12,99.27,90.74,,,,,,,
1221,88.42,92.44,100.61,90.85,,,,,,,
1222,88.52,92.13,99.48,91.58,,,,,,,
1223,88.53,92.41,100.67,91.39,,,,,,,
1224,88.41,92.18,100.53,91.16,,,,,,,
1225,88.46,92.3,99.02,91.13,,,,,,,
1226,88.43,92.01,100.72,91.25,,,,,,,
1227,88.81,91.99,100.39,91.05,,,,,,,
1228,88.74,92.32,100.9,91.05,,,,,,,
1229,88.47,92.07,99.71,91.37,,,,,,,
1230,88.34,91.88,98.59,90.95,,,,,,,
1231,88.78,92.32,101.5,91.03,,,,,,,
1232,88.63,92.64,99.23,90.18,,,,,,,
1233,88.53,92.42,100.32,91.31,,,,,,,
1234,88.3,92.21,99.37,90.74,,,,,,,
1235,88.28,92.12,101.26,91.64,,,,,,,
1236,88.44,92.06,100.19,91.49,,,,,,,
1237,88.21,92.16,100.54,90.98,,,,,,,
1238,88.48,91.88,100.34,90.96,,,,,,,
1239,88.62,92.25,99.2,89.88,,,,,,,
1240,88.23,92.16,99.18,91.03,,,,,,,
1241,88.69,92.08,98.74,91.37,,,,,,,
1242,88.37,92.34,101.08,92.14,,,,,,,
1243,88.34,92,97.87,90.03,,,,,,,
1244,88.66,92.18,99.83,90.55,,,,,,,
1245,88.42,92.14,99.57,89.81,,,,,,,
1246,88.37,92.43,100.22,91.91,,,,,,,
1247,88.42,92.01,99.42,90.91,,,,,,,
1248,88.44,92.67,99.02,91.31,,,,,,,
1249,88.17,92.01,98.38,90.02,,,,,,,
1250,88.57,91.91,98.38,91.02,,,,,,,
1251,88.47,92.59,100.58,90.78,,,,,,,
1252,88.16,92.47,100.19,90.09,,,,,,,
1253,88.32,92.14,98.82,90.4,,,,,,,
1254,88.47,91.96,100.08,90.59,,,,,,,
1255,88.69,92.54,99.36,90.17,,,,,,,
1256,88.29,92.61,100.29,90.68,,,,,,,
1257,88.32,92.03,98.17,90.02,,,,,,,
1258,88.44,92.4,98.4,89.84,,,,,,,
1259,88.65,92.55,100.03,88.09,,,,,,,
1260,88.21,92.17,98.61,86.93,,,,,,,
1261,88.29,91.86,100.33,86.6,,,,,,,
1262,88.55,92.15,99.08,86.93,,,,,,,
1263,88.58,91.66,99.1,85.83,,,,,,,
1264,88.11,91.51,98.84,85.03,,,,,,,
1265,88.53,91.78,97.97,84.24,,,,,,,
1266,88.07,91.82,98.04,83.79,,,,,,,
1267,88.26,92.22,99.45,84.07,,,,,,,
1268,87.75,91.75,99.68,82.7,,,,,,,
1269,88.28,91.77,97.69,82.85,,,,,,,
1270,87.91,91.73,97.73,82.5,,,,,,,
1271,87.77,91.91,97.48,75.07,,,,,,,
1272,63.28,75.68,69.19,66.46,,,,,,,
1273,53.63,52.52,52.86,58.83,,,,,,,
1274,46.23,44.3,46.74,52.65,,,,,,,
1275,41.97,40.27,43.16,47.78,,,,,,,
1276,40.11,37.83,42.16,43.95,,,,,,,
1277,38.16,35.53,40.74,41.65,,,,,,,
1278,36.6,35.03,39.91,39.51,,,,,,,
1279,35.39,33.82,38.59,38.67,,,,,,,
1280,34.77,33.11,38.27,38.59,,,,,,,
1281,36.01,32.95,37.76,36.97,,,,,,,
1282,36.07,32.31,37.26,36.36,,,,,,,
1283,36.5,32.05,36.62,35.73,,,,,,,
1284,36.82,32.01,36.27,35.5,,,,,,,
1285,36.99,31.2,36.22,35.07,,,,,,,
1286,35.17,31.4,36.01,33.99,,,,,,,
