0,35.16,34.83,37.09,30.76,,,,,,
1,35.23,34.84,37.36,31.56,,,,,,
2,35.36,34.77,36.84,31.94,,,,,,
3,35.07,34.93,37.02,30.97,,,,,,
4,35.21,34.81,37.45,31.95,,,,,,
5,35.26,34.88,36.48,32.07,,,,,,
6,35.68,34.66,37.16,32.52,,,,,,
7,35.33,34.98,36.96,30.46,,,,,,
8,35.16,34.79,37.06,31.03,,,,,,
9,35.2,34.54,36.7,31.32,,,,,,
10,35.13,34.79,37.12,31.67,,,,,,
11,35.16,34.81,36.12,31.56,,,,,,
12,34.95,34.83,36.58,31.06,,,,,,
13,34.91,34.82,37.83,32.26,,,,,,
14,35,34.83,36.77,31.12,,,,,,
15,35.16,34.92,36.37,31.27,,,,,,
16,35.05,34.9,36.83,31.74,,,,,,
17,35.27,34.78,36.43,31.21,,,,,,
18,35.05,34.89,36.82,31.5,,,,,,
19,35.1,34.8,36.76,31.45,,,,,,
20,34.93,34.88,37.08,31.34,,,,,,
21,35.22,34.8,36.74,32.1,,,,,,
22,35.4,35.01,37.14,31.07,,,,,,
23,35.06,34.79,37.41,31.99,,,,,,
24,35.53,34.45,36.84,30.88,,,,,,
25,35.24,34.58,36.83,30.38,,,,,,
26,35.19,34.86,36.82,30.86,,,,,,
27,35.1,34.87,37.11,29.47,,,,,,
28,35.06,34.77,37.16,30.71,,,,,,
29,35.23,34.7,37.02,31.11,,,,,,
30,35.34,34.77,36.4,31.27,,,,,,
31,35.12,34.55,37.29,31.71,,,,,,
32,35.23,34.4,36.48,31.56,,,,,,
33,35.21,34.76,37.13,32.3,,,,,,Tiempo en llegar a convergencia
34,34.88,34.88,37.18,31.96,,26.4,Primer Sensor más bajo,,,Más bajo
35,34.85,34.7,37.16,32.06,,19.8,Segundo sensor medio alto,,,Medio alto
36,34.96,35.09,36.6,31.13,,13.2,Tercer Sensor más alto,,,Más alto
37,34.92,34.79,36.73,32.33,,6.6,Cuarto sensor medio bajo,,,Medio bajo
38,35.08,34.39,36.82,31.39,,,,,,
39,34.99,34.81,37.22,30.64,,,,,,
40,35.03,34.66,37.24,31.17,,,,,,
41,35,34.59,36.54,30.61,,,,,,
42,35,34.49,37.26,31.54,,,,,,
43,34.99,34.72,36.83,30.46,,,,,,
44,34.8,34.68,36.43,30.99,,,,,,
45,35.13,34.56,36.75,31.79,,,,,,
46,35.13,34.49,36.86,30.33,,,,,,
47,35.06,34.65,37,31.95,,,,,,
48,35.31,34.51,36.81,31.62,,,,,,
49,35.06,34.58,37.48,31.29,,,,,,
50,35.04,34.7,37.01,31.5,,,,,,
51,35.2,34.69,37.14,31.1,,,,,,
52,34.88,34.43,36.72,31.2,,,,,,
53,34.92,34.82,37.08,32.29,,,,,,
54,34.98,34.56,36.59,31.5,,,,,,
55,34.84,34.66,36.31,31.34,,,,,,
56,34.91,34.5,37.12,30.33,,,,,,
57,35.27,34.59,36.39,31.65,,,,,,
58,34.88,34.87,36.6,30.9,,,,,,
59,34.98,34.33,36.55,30.78,,,,,,
60,34.96,34.92,36.98,30.71,,,,,,
61,35.29,34.47,37.02,30.86,,,,,,
62,35.02,34.62,36.49,31.36,,,,,,
63,34.73,34.75,36.88,30.01,,,,,,
64,34.61,34.43,36.39,31.62,,,,,,
65,34.8,34.41,36.83,31.02,,,,,,
66,34.95,34.24,36.62,32.06,,,,,,
67,34.99,34.5,37.02,31.06,,,,,,
68,34.91,34.31,37.13,30.74,,,,,,
69,34.9,34.53,36.63,31.3,,,,,,
70,35.02,34.33,36.75,31.38,,,,,,
71,34.91,34.55,36.83,31.39,,,,,,
72,34.76,34.22,36.49,31.32,,,,,,
73,34.95,34.6,36.55,30.44,,,,,,
74,34.97,34.6,36.86,31.13,,,,,,
75,34.98,34.44,36.62,31.66,,,,,,
76,34.52,34.58,36.38,31.13,,,,,,
77,34.95,34.61,36.72,32.92,,,,,,
78,34.62,34.62,36.32,30.76,,,,,,
79,34.8,34.31,36.53,30.83,,,,,,
80,34.88,34.4,36.62,31.27,,,,,,
81,34.71,34.38,36.31,31.34,,,,,,
82,34.94,34.66,37.31,30.78,,,,,,
83,34.42,34.37,36.49,31.36,,,,,,
84,34.99,34.31,36.59,30.45,,,,,,
85,34.95,34.26,36.52,31.55,,,,,,
86,34.94,34.48,36.56,32.02,,,,,,
87,34.81,34.24,36.58,32.1,,,,,,
88,34.78,34.41,37.06,31.41,,,,,,
89,34.95,34.22,36.4,31.12,,,,,,
90,34.77,34.3,37.1,32.12,,,,,,
91,34.78,34.24,36.05,31.76,,,,,,
92,34.7,34.21,36.78,31.33,,,,,,
93,34.75,34.38,37.12,32.18,,,,,,
94,34.78,34.51,36.43,30.67,,,,,,
95,34.68,34.49,36.9,30.28,,,,,,
96,34.56,34.21,37.18,30.73,,,,,,
97,34.92,34.24,36.07,32.05,,,,,,
98,34.84,34.36,35.78,31.96,,,,,,
99,34.83,34.27,35.89,31.18,,,,,,
100,34.84,34.11,36.67,32.07,,,,,,
101,34.6,34.42,36.14,31.38,,,,,,
102,34.85,34.71,36.62,30.86,,,,,,
103,35.06,35.29,37.26,32.32,,,,,,
104,35.08,36.47,38.18,32.63,,,,,,
105,35.67,37.19,38.67,33.06,,,,,,
106,35.75,38,39.62,34.57,,,,,,
107,35.84,38.45,40.13,35.18,,,,,,
108,35.75,39.22,41.69,35.21,,,,,,
109,36.39,40.02,41.96,36.44,,,,,,
110,36.62,40.72,43.26,35.85,,,,,,
111,36.53,41.83,43.84,37.75,,,,,,
112,36.59,42.33,43.83,38.11,,,,,,
113,36.93,43.19,44.69,39.31,,,,,,
114,37.32,43.73,45.75,39.11,,,,,,
115,37.55,44.11,46.68,40.01,,,,,,
116,37.6,45.29,46.64,39.84,,,,,,
117,37.72,45.88,47.73,41.51,,,,,,
118,38.02,46.51,48.96,41.63,,,,,,
119,38.05,47.16,48.98,41.66,,,,,,
120,38.07,47.87,49.9,41.84,,,,,,
121,38.38,48.57,50.61,43.17,,,,,,
122,38.43,49.27,51.25,43.87,,,,,,
123,38.64,50.13,52.77,43.71,,,,,,
124,39.23,50.35,52.59,43.89,,,,,,
125,39.56,51.18,53.41,44.6,,,,,,
126,39.75,52.05,53.87,46.28,,,,,,
127,39.85,52.59,54.41,46.47,,,,,,
128,40.48,53.4,55.22,47.1,,,,,,
129,40.61,53.92,56.19,47.33,,,,,,
130,40.82,54.72,56.47,47.18,,,,,,
131,40.78,55.37,56.44,48.48,,,,,,
132,41.1,56.11,57.52,48.71,,,,,,
133,41.2,56.67,58.61,49.6,,,,,,
134,41.64,57.16,59.18,48.89,,,,,,
135,41.96,57.97,59.66,50.04,,,,,,
136,41.78,58.61,60.66,50.8,,,,,,
137,42.31,59.21,61.03,51.9,,,,,,
138,42.74,59.47,61.98,51.45,,,,,,
139,42.64,60.27,61.97,52.08,,,,,,
140,43.13,61.38,62.79,51.92,,,,,,
141,43.39,61.73,64.15,52.46,,,,,,
142,44.05,62.31,64.27,53.04,,,,,,
143,44.55,63.28,64.72,54.27,,,,,,
144,44.65,63.72,66.1,53.46,,,,,,
145,44.92,64.61,66.21,55.57,,,,,,
146,45.67,65.24,67.02,54.54,,,,,,
147,45.87,65.73,67.75,55.56,,,,,,
148,45.45,66.3,68.07,55.9,,,,,,
149,45.76,67.27,69.02,56.89,,,,,,
150,46.44,67.93,69.3,57.11,,,,,,
151,47.06,68.8,70.12,56.4,,,,,,
152,47.07,68.65,70.86,57.01,,,,,,
153,47.33,69.65,71.75,57.42,,,,,,
154,47.77,69.86,72.3,58.74,,,,,,
155,48.14,70.41,73.34,59.02,,,,,,
156,48.22,71.17,73.18,60.45,,,,,,
157,48.84,72.14,73.94,58.89,,,,,,
158,49.36,72.98,76.21,60.27,,,,,,
159,49.16,73.61,75.9,62.44,,,,,,
160,50.47,74.65,76.52,61.64,,,,,,
161,51.39,75.67,77,62.12,,,,,,
162,51.73,75.76,78.03,62.88,,,,,,
163,52.44,77.43,78.73,62.66,,,,,,
164,53.5,77.4,79.31,62.52,,,,,,
165,54.32,78.74,80.5,63.72,,,,,,
166,54.96,79.64,81.07,63.42,,,,,,
167,56.16,80.55,81.78,64.59,,,,,,
168,56.3,80.89,82.59,64.55,,,,,,
169,57.36,82.03,83.47,65.15,,,,,,
170,58.18,82.61,83.68,66.69,,,,,,
171,59.33,83.48,83.7,66.25,,,,,,
172,59.73,84.31,85.22,66.61,,,,,,
173,60.27,85.55,86.29,67.04,,,,,,
174,61.36,85.63,87.51,67.4,,,,,,
175,62.07,86.86,88.55,67.91,,,,,,
176,62.64,87.55,89.32,68.52,,,,,,
177,63.87,88.51,90.2,68.78,,,,,,
178,64.29,88.68,91.26,69.04,,,,,,
179,64.83,89.58,92.32,69.96,,,,,,
180,65.43,89.8,92.62,70.07,,,,,,
181,65.84,90.38,93.74,70.69,,,,,,
182,66.52,91.34,94.47,70.73,,,,,,
183,67.03,91.05,94.73,70.74,,,,,,
184,67.42,91.74,95.88,71.94,,,,,,
185,68.11,91.7,95.28,72.3,,,,,,
186,68.55,92.34,95.67,72.3,,,,,,
187,69.31,91.91,95.8,75.15,,,,,,
188,70.29,92.33,97.02,78.41,,,,,,
189,70.63,92.65,95.99,80.31,,,,,,
190,71.05,92.78,97.05,81.93,,,,,,
191,71.61,92.88,97.36,82.77,,,,,,
192,72.2,93.35,97.32,83.03,,,,,,
193,72.91,93.35,98.07,82.79,,,,,,
194,73.56,93.28,98.22,83.47,,,,,,
195,74.37,93.31,97.02,82.59,,,,,,
196,74.6,93.38,98.46,84.47,,,,,,
197,75.14,93.5,98.84,85.86,,,,,,
198,75.62,93.47,97.02,86.56,,,,,,
199,76.26,93.88,97.62,87.12,,,,,,
200,76.7,93.63,98,87.75,,,,,,
201,77.25,93.78,99.61,88.19,,,,,,
202,77.85,93.75,99.71,88.45,,,,,,
203,77.7,93.64,99.22,88.91,,,,,,
204,77.92,93.82,98.5,89.46,,,,,,
205,78.69,93.5,97.7,89.25,,,,,,
206,79.14,93.9,98.84,90.01,,,,,,
207,79.05,94.01,98.08,89.59,,,,,,
208,79.61,93.97,97.87,89.74,,,,,,
209,79.47,94.11,98.23,90.19,,,,,,
210,79.79,94.37,98,89.73,,,,,,
211,80.39,94.04,98.33,90.46,,,,,,
212,80.67,93.76,99.65,91.41,,,,,,
213,80.88,93.92,97.9,90.67,,,,,,
214,81.1,94.03,99.14,92.45,,,,,,
215,83.23,94.05,98.52,92.46,,,,,,
216,84.42,93.88,98.13,91.1,,,,,,
217,85.14,93.37,99.97,92.55,,,,,,
218,86.14,93.75,98.47,92.81,,,,,,
219,87.01,93.3,98.85,93.33,,,,,,
220,87.21,93.47,100.06,93.74,,,,,,
221,87.62,93.63,98.12,92.41,,,,,,
222,87.96,93.58,99.22,93.27,,,,,,
223,88.43,93.46,99.88,92.65,,,,,,
224,88.4,93.43,98.9,92.14,,,,,,
225,89.39,93.73,98.94,92.84,,,,,,
226,89.56,93.57,99.45,93.26,,,,,,
227,89.85,93.77,99.39,92.25,,,,,,
228,89.94,93.66,100.39,93.06,,,,,,
229,90.28,93.5,99.33,92.28,,,,,,
230,90.19,93.55,100.65,92.88,,,,,,
231,90,93.68,101.68,92.79,,,,,,
232,89.69,93.7,99.58,92.64,,,,,,
233,89.49,93.95,100.48,93.19,,,,,,
234,89.22,93.76,99.44,94.19,,,,,,
235,88.77,93.6,99.68,94,,,,,,
236,88.85,93.94,99.6,94.09,,,,,,
237,88.45,93.92,100.85,94.18,,,,,,
238,87.9,94.04,99.38,93.7,,,,,,
239,88.83,94.03,99.39,93.66,,,,,,
240,89.69,94.11,101.08,93.03,,,,,,
241,90.52,93.97,100.92,93.42,,,,,,
242,90.27,93.97,99.95,93.95,,,,,,
243,90.82,93.52,101.28,93.31,,,,,,
244,90.74,94.13,99.34,93.97,,,,,,
245,91.22,93.93,100.5,94.82,,,,,,
246,90.9,94.08,100.97,94.06,,,,,,
247,90.97,94.44,101.02,93.02,,,,,,
248,90.69,94.15,102.21,93.04,,,,,,
249,91.17,94.09,100.35,94.25,,,,,,
250,90.85,93.9,99.79,92.96,,,,,,
251,90.77,94.38,100.28,93.27,,,,,,
252,90.53,94.03,99.35,93.62,,,,,,
253,90.77,94.04,101.46,94.14,,,,,,
254,90.49,94.41,101.24,94.17,,,,,,
255,90.29,94.47,100.13,93.62,,,,,,
256,90.87,94.38,99.26,93.89,,,,,,
257,91.12,94.47,99.93,94.75,,,,,,
258,91.21,94.22,100.68,93.94,,,,,,
259,91.52,94.46,100.06,93.23,,,,,,
260,91.75,94.46,99.95,93.06,,,,,,
261,91.38,94.02,101.05,93.26,,,,,,
262,91.29,94.59,100.49,94.54,,,,,,
263,91.63,94.56,100.43,92.99,,,,,,
264,91.78,94.63,98.45,94.58,,,,,,
265,91.68,94.58,101.31,93.87,,,,,,
266,92.1,94.56,99.31,93.93,,,,,,
267,92.11,94.71,99.86,93.16,,,,,,
268,92.08,94.71,99.74,94.8,,,,,,
269,91.98,94.67,100.49,94.32,,,,,,
270,92.25,94.78,101.79,94.23,,,,,,
271,92.19,94.82,99.33,93.79,,,,,,
272,92.02,94.82,99.68,93.97,,,,,,
273,92.34,94.57,100.45,94.8,,,,,,
274,92.19,94.85,99.46,94.46,,,,,,
275,92.54,94.85,100.49,94.16,,,,,,
276,92.38,94.97,99.79,94.76,,,,,,
277,92.09,94.68,100.21,94.57,,,,,,
278,92.23,94.73,99.4,93.73,,,,,,
279,92.03,95.08,99.65,94.93,,,,,,
280,92.31,95.42,98.76,94.31,,,,,,
281,92.36,95.21,99.97,94.06,,,,,,
282,92.42,94.89,101.46,94.56,,,,,,
283,92.64,95.07,98.75,94.46,,,,,,
284,92.5,95.06,98.93,93.62,,,,,,
285,92.5,95.22,98.87,93.29,,,,,,
286,92.84,95.16,99.99,93.93,,,,,,
287,92.36,95.33,99.93,93.94,,,,,,
288,92.35,95.33,97.81,93.63,,,,,,
289,92.6,95.51,99.68,94.32,,,,,,
290,92.14,95.4,99.56,94.54,,,,,,
291,92.47,95.85,100.38,95.22,,,,,,
292,92.46,95.64,99.13,94.37,,,,,,
293,92.57,95.39,101.26,94.79,,,,,,
294,92.41,95.54,100.39,94.67,,,,,,
295,92.36,95.31,99.77,94.96,,,,,,
296,92.25,95.64,99.38,94.47,,,,,,
297,92.37,95.81,100.13,95.06,,,,,,
298,92.57,95.31,98.26,94.04,,,,,,
299,92.67,95.31,99.95,93.92,,,,,,
300,92.54,95.51,100.66,94.68,,,,,,
301,92.69,96.06,99.2,95.01,,,,,,
302,93.13,95.88,99.19,93.93,,,,,,
303,92.64,96.1,99.99,94.41,,,,,,
304,93.01,95.81,100.32,94.48,,,,,,
305,92.46,96.1,100.42,94.26,,,,,,
306,92.46,96.16,100.27,93.38,,,,,,
307,92.12,95.98,98.96,94.89,,,,,,
308,92.14,96.14,99.33,95.37,,,,,,
309,92.01,95.79,100.04,95.05,,,,,,
310,92.49,96.02,99.57,95.37,,,,,,
311,92.99,96.18,99.72,94.46,,,,,,
312,93.01,95.96,100.19,95.61,,,,,,
313,93.01,95.89,102.02,94.69,,,,,,
314,92.97,95.99,99.8,94.8,,,,,,
315,93.02,95.92,100.65,94.13,,,,,,
316,93.46,95.98,101.1,94.69,,,,,,
317,93.65,96.23,99.98,94.51,,,,,,
318,93.91,96.01,101.29,94.83,,,,,,
319,93.81,96.25,99.88,94.74,,,,,,
320,93.74,96.34,99.37,94.97,,,,,,
321,93.81,96.32,100.77,96.22,,,,,,
322,93.67,96.4,99.82,94.92,,,,,,
323,94.08,96.58,99.86,94.86,,,,,,
324,93.76,96.76,99.2,94.83,,,,,,
325,93.98,96.53,99.01,94.99,,,,,,
326,93.97,96.39,100.81,95.07,,,,,,
327,94.25,96.83,101.62,94.78,,,,,,
328,94.6,96.88,99.54,94.6,,,,,,
329,94.8,96.83,98.8,94.68,,,,,,
330,94.39,96.96,99.26,94.8,,,,,,
331,94.39,96.51,100.22,93.84,,,,,,
332,95.03,97.12,100.4,95.44,,,,,,
333,94.95,97.27,100.28,95,,,,,,
334,95.03,97.44,100.38,95.01,,,,,,
335,94.89,97.29,99.32,95.02,,,,,,
336,95.15,96.72,98.62,94.2,,,,,,
337,95.04,97.19,99.37,94.74,,,,,,
338,94.99,97.32,98.96,94.87,,,,,,
339,95.79,97.46,98.7,94.72,,,,,,
340,95.64,97.52,99.56,94.99,,,,,,
341,96.08,97.37,99.96,94.44,,,,,,
342,95.98,96.83,99.99,94.81,,,,,,
343,95.68,97.1,101.23,93.96,,,,,,
344,95.52,97.51,100.96,95.09,,,,,,
345,95.42,97.12,100.46,94.65,,,,,,
346,95.34,97.53,98.65,95.39,,,,,,
347,95.87,97.04,98.01,95.72,,,,,,
348,95.89,97.52,100.18,95.58,,,,,,
349,95.81,97.29,99.79,94.89,,,,,,
350,95.75,97.44,99.37,94.76,,,,,,
351,95.82,97.59,100.56,95.54,,,,,,
352,95.9,97.84,100.2,94.15,,,,,,
353,96.25,97.7,98.95,94.53,,,,,,
354,96.12,97.68,99.26,94.4,,,,,,
355,96.27,97.6,101.08,95.38,,,,,,
356,96.14,97.89,98.98,94.84,,,,,,
357,96.46,97.5,99.31,95.41,,,,,,
358,96.93,97.75,101.44,95.09,,,,,,
359,96.52,97.63,100.05,95.59,,,,,,
360,96.61,97.61,99.18,94.46,,,,,,
361,96.53,97.85,100.54,94.69,,,,,,
362,96.38,98.27,99.8,95.29,,,,,,
363,96.44,97.76,100.9,95.04,,,,,,
364,96.54,97.89,100.64,95.36,,,,,,
365,96.95,97.63,98.58,95.15,,,,,,
366,96.88,98.1,98.84,94.37,,,,,,
367,97.07,98.02,99.94,95.35,,,,,,
368,97.1,98.25,101.14,95.94,,,,,,
369,97.36,98.19,100.4,95.81,,,,,,
370,97.36,97.96,100.4,95.24,,,,,,
371,97.3,98.45,101.56,94.56,,,,,,
372,97.15,98.08,99.96,95.16,,,,,,
373,97.26,98.46,100.06,95.31,,,,,,
374,97.36,98.18,102.74,95.87,,,,,,
375,96.92,97.98,100.9,95.16,,,,,,
376,97.05,98.55,100.32,94.61,,,,,,
377,96.72,98.28,101.12,94.43,,,,,,
378,96.93,98.27,100.58,94.93,,,,,,
379,97.23,98.45,100.32,94.95,,,,,,
380,97.19,98.68,102.16,96.09,,,,,,
381,97.29,98.43,100.87,96.44,,,,,,
382,97.42,98.91,99.73,95.21,,,,,,
383,97.46,98.3,101.27,96.07,,,,,,
384,97.75,98.61,100.41,94.67,,,,,,
385,97.42,98.86,101.2,95.51,,,,,,
386,97.82,98.73,100.62,95.36,,,,,,
387,97.93,98.53,100.85,95.58,,,,,,
388,97.9,98.78,100.71,95.84,,,,,,
389,98.65,98.53,101.23,95.32,,,,,,
390,98.45,98.87,100.26,94.67,,,,,,
391,98.63,98.87,102.24,95.55,,,,,,
392,98.77,98.47,101.32,95.42,,,,,,
393,98.86,98.79,100.9,95.33,,,,,,
394,99.06,98.69,101.06,94.89,,,,,,
395,98.81,98.8,100.96,95.83,,,,,,
396,99.01,98.91,101.84,95.58,,,,,,
397,98.81,98.85,100.69,95.95,,,,,,
398,99.16,98.62,99.91,96.88,,,,,,
399,99.13,98.91,101.31,95.58,,,,,,
400,99.22,98.92,101.1,96.44,,,,,,
401,99.26,99.3,99.36,95.67,,,,,,
402,99.31,99.16,101.6,95.91,,,,,,
403,99.25,99.13,99.9,97.39,,,,,,
404,99.44,99.22,100.92,95.5,,,,,,
405,99.46,99.48,102.98,95.34,,,,,,
406,99.69,99.2,101.93,95.02,,,,,,
407,99.63,99.26,100.66,95.19,,,,,,
408,100.06,99.63,100.99,96.12,,,,,,
409,99.97,99.33,100.95,95.74,,,,,,
410,100.1,99.4,101.21,95.79,,,,,,
411,100.28,99.28,102.06,95.77,,,,,,
412,99.97,99.79,102.49,94.39,,,,,,
413,99.86,99.25,102.55,95.82,,,,,,
414,100,99.78,101.08,95.36,,,,,,
415,100.17,99.84,102.14,94.95,,,,,,
416,100.18,99.27,101.1,94.9,,,,,,
417,99.91,99.72,100.6,95.37,,,,,,
418,99.88,99.35,100.91,95.44,,,,,,
419,99.91,99.78,101.62,96.09,,,,,,
420,100.39,99.73,100.91,96.54,,,,,,
421,100.34,100.07,101.42,96.34,,,,,,
422,100.24,99.74,102.17,95.56,,,,,,
423,100.34,99.79,100.63,95.92,,,,,,
424,100.56,99.91,101.36,96.49,,,,,,
425,100.11,99.57,102.11,96.36,,,,,,
426,100.13,99.88,101.43,96.07,,,,,,
427,100.43,99.87,102.06,94.85,,,,,,
428,100.63,99.97,103.94,96.1,,,,,,
429,100.37,100.05,100.95,95.44,,,,,,
430,100.49,99.86,102.81,94.74,,,,,,
431,100.81,99.9,99.83,95.83,,,,,,
432,100.1,99.91,102.53,96.19,,,,,,
433,100.63,100.08,102.06,96.25,,,,,,
434,100.49,99.97,103.36,95.36,,,,,,
435,100.7,99.95,101.85,94.96,,,,,,
436,101.08,100.44,102.68,95.02,,,,,,
437,101.27,100.45,101.78,95.33,,,,,,
438,101.06,100.17,100.84,96,,,,,,
439,100.57,100.29,101.21,96.28,,,,,,
440,101.19,100.59,103.4,95.06,,,,,,
441,100.9,100.28,101.64,95.24,,,,,,
442,100.85,100.78,101.93,95.58,,,,,,
443,101.22,100.47,101.97,94.92,,,,,,
444,100.97,100.69,103.86,95.66,,,,,,
445,101.25,100.97,102.49,96.45,,,,,,
446,101.21,100.54,101.65,95.11,,,,,,
447,101.25,100.53,101.47,95.54,,,,,,
448,101.26,100.89,102.66,95.18,,,,,,
449,100.98,100.82,102.21,95.33,,,,,,
450,101.06,100.97,103.71,95.2,,,,,,
451,101.28,100.63,103.33,95.64,,,,,,
452,101.11,100.81,102.51,96.1,,,,,,
453,101.54,100.69,103.54,95.21,,,,,,
454,101.67,100.52,101.38,95.83,,,,,,
455,101.87,100.85,104.06,97,,,,,,
456,101.5,101.2,103.33,96.49,,,,,,
457,101.62,101.23,104.78,95.82,,,,,,
458,101.47,101.17,103.34,95.48,,,,,,
459,101.5,101.25,104.39,95.59,,,,,,
460,101.41,101.43,101.25,95.48,,,,,,
461,101.76,101,104.23,95.18,,,,,,
462,102.03,100.99,102.21,95.37,,,,,,
463,101.76,101.31,103.6,96.11,,,,,,
464,101.33,101.35,104.94,96.41,,,,,,
465,101.8,101.25,101.93,95.65,,,,,,
466,101.62,100.93,104.63,95.48,,,,,,
467,101.61,101.49,101.56,96.56,,,,,,
468,101.47,101.15,103.34,96.12,,,,,,
469,101.76,101.62,102.97,95.83,,,,,,
470,101.56,101.58,103.76,95.04,,,,,,
471,101.8,101.71,102.55,95.66,,,,,,
472,101.86,101.3,103.64,95.95,,,,,,
473,101.73,101.77,101.88,95.55,,,,,,
474,102.14,101.56,102.89,95.38,,,,,,
475,101.75,101.38,104.53,96.08,,,,,,
476,102.22,101.82,103.58,96.32,,,,,,
477,102.28,101.7,104.33,96.71,,,,,,
478,102.58,101.84,105.44,95.85,,,,,,
479,102.09,101.83,104.57,95.45,,,,,,
480,101.99,101.96,103.17,96.99,,,,,,
481,102.13,102.04,103.33,95.8,,,,,,
482,102.2,101.76,104.52,95.77,,,,,,
483,102.03,101.91,103.43,94.95,,,,,,
484,102.03,102.25,103.47,95.73,,,,,,
485,102.25,102.06,102.68,97.17,,,,,,
486,101.99,102.23,104.17,96.2,,,,,,
487,102.47,102.34,103.74,95.54,,,,,,
488,102.37,102.25,104.23,95.25,,,,,,
489,102.1,102.23,105.53,94.97,,,,,,
490,102.06,102.33,103.35,96.02,,,,,,
491,102.1,102.37,102.51,95.16,,,,,,
492,102.68,102.42,104.3,96.42,,,,,,
493,102.51,102.42,105.09,95.58,,,,,,
494,102.19,102.29,103.54,95.39,,,,,,
495,102.43,102.5,104.58,95.66,,,,,,
496,102.4,102.41,104.32,96.46,,,,,,
497,102.86,102.97,104.59,95.4,,,,,,
498,102.49,102.82,105.12,95.22,,,,,,
499,102.63,103.03,104.69,95.41,,,,,,
500,102.99,102.64,103.74,95.8,,,,,,
501,102.95,102.68,104.41,96.65,,,,,,
502,102.41,102.95,105.72,96.43,,,,,,
503,103.2,103.06,105.3,95.47,,,,,,
504,102.7,102.73,105.67,96.65,,,,,,
505,102.53,103.14,106.78,95.38,,,,,,
506,102.87,103.16,103.21,96.9,,,,,,
507,103.15,103.08,105.08,95.43,,,,,,
508,103.05,102.99,103.48,96.14,,,,,,
509,102.64,102.91,105.37,96.31,,,,,,
510,102.87,103.19,106.7,95.22,,,,,,
511,102.99,103.3,105.45,95.6,,,,,,
512,102.81,103.08,104.28,95.37,,,,,,
513,102.61,103.36,106.02,95.96,,,,,,
514,102.64,103.44,105.24,96.48,,,,,,
515,103.08,103.42,105.65,95.22,,,,,,
516,102.99,103.35,105.51,96.4,,,,,,
517,103.04,103.56,105.86,95.57,,,,,,
518,102.99,103.17,104.85,95.96,,,,,,
519,102.89,103.48,106.53,95.94,,,,,,
520,103.05,103.89,105.5,97.18,,,,,,
521,102.9,103.79,105.61,96.41,,,,,,
522,103.49,103.8,105.83,95.39,,,,,,
523,103.62,103.72,104.47,95.75,,,,,,
524,103.68,103.42,103.48,94.94,,,,,,
525,103.57,103.98,104.63,96.47,,,,,,
526,103.59,103.96,104.28,94.63,,,,,,
527,103.39,103.95,104.15,95.58,,,,,,
528,103.66,103.66,105.61,95.62,,,,,,
529,103.68,103.77,105.34,95.77,,,,,,
530,104.14,103.64,106.83,95.35,,,,,,
531,103.62,103.96,103.88,95.33,,,,,,
532,103.69,104.08,105.96,95.41,,,,,,
533,103.65,104.12,104.68,95.91,,,,,,
534,103.51,104.17,107.44,95.93,,,,,,
535,103.56,104.06,105.6,95.56,,,,,,
536,103.83,103.87,106.23,96.11,,,,,,
537,103.85,103.85,104.33,96.18,,,,,,
538,103.83,103.98,105.38,95.89,,,,,,
539,103.92,103.74,104.62,95.91,,,,,,
540,104.1,104,105.58,96.07,,,,,,
541,103.91,104.27,106.64,96.1,,,,,,
542,104.08,103.81,106.37,96.57,,,,,,
543,103.81,104.25,107.32,96.62,,,,,,
544,103.62,104.28,105.84,96.09,,,,,,
545,103.96,104.43,107.38,96.88,,,,,,
546,104.13,104.02,105.53,96.75,,,,,,
547,103.86,104.48,107.76,95.24,,,,,,
548,103.41,104.11,106.35,95.8,,,,,,
549,104.35,104.13,104.98,95.48,,,,,,
550,103.96,104.38,105.22,95.83,,,,,,
551,103.96,104.38,105.97,95.39,,,,,,
552,103.68,104.52,104.36,96.34,,,,,,
553,104.1,104.3,106.25,96.45,,,,,,
554,103.73,104.25,105.6,96.53,,,,,,
555,103.85,104.36,106.59,96.18,,,,,,
556,103.77,104.78,105.4,96.58,,,,,,
557,104.1,104.79,105.92,95.97,,,,,,
558,104.49,104.67,107.42,96.99,,,,,,
559,104.25,104.5,106.55,96.34,,,,,,
560,104.51,104.99,106.43,96.46,,,,,,
561,104.37,104.44,105.63,95.7,,,,,,
562,104.02,104.84,106.13,96.65,,,,,,
563,104.01,104.87,105.1,95.61,,,,,,
564,104.34,104.43,106.14,95.91,,,,,,
565,104.06,104.66,105.27,95.91,,,,,,
566,104.56,104.61,106.1,95.84,,,,,,
567,104.01,104.69,106.27,96.35,,,,,,
568,104.7,104.61,107,96.39,,,,,,
569,104.3,105,105,96.11,,,,,,
570,104.23,104.69,105.45,95.73,,,,,,
571,104.4,105.17,106.27,96.03,,,,,,
572,104.07,104.77,107.34,95.49,,,,,,
573,104.56,105.07,105.08,96,,,,,,
574,104.9,105.33,105.82,96.65,,,,,,
575,104.82,105.07,106.08,96,,,,,,
576,104.66,105.34,107.14,95.67,,,,,,
577,104.81,105.36,108.7,95.04,,,,,,
578,104.66,105.14,105.01,95.83,,,,,,
579,104.55,105.19,105.97,96.28,,,,,,
580,104.75,105.23,105.81,95.64,,,,,,
581,104.71,105.15,106.41,95.94,,,,,,
582,104.83,105.05,106.89,96.54,,,,,,
583,105.1,105.13,105.57,88.04,,,,,,
584,90.76,99.9,92.97,71.15,,,,,,
585,72.93,88.59,79.63,66.15,,,,,,
586,60.41,76.62,70.84,63.34,,,,,,
587,50.93,66.39,63.06,57.03,,,,,,
588,43.48,56.6,56.28,53.67,,,,,,
589,38.3,49.48,51.68,48.87,,,,,,
590,34.02,40.49,46.3,46.95,,,,,,
591,31.29,35.19,42.99,45.54,,,,,,
592,29.4,32.33,40.38,44.22,,,,,,
593,28.37,30.59,38.88,41.96,,,,,,
594,27.78,29.16,36.87,39.94,,,,,,
595,27.31,28.45,36.03,38.85,,,,,,
596,27.25,28.26,34.56,38.11,,,,,,
597,26.58,27.67,33.8,38.12,,,,,,
598,26.74,27.68,33.52,37.38,,,,,,
599,26.52,27.42,33.28,36.37,,,,,,
600,26.4,27.46,32.63,36.14,,,,,,
601,26.48,27.09,32.42,34.68,,,,,,
602,26.48,27.44,32.33,34.19,,,,,,
603,26.38,27.21,32.24,33.53,,,,,,
604,26.11,27.44,32.18,32.88,,,,,,
605,26.22,27.18,31.67,33.13,,,,,,
606,26.32,27.17,31.54,32.14,,,,,,
607,26.1,27.14,31.32,31.75,,,,,,
608,26.5,27.42,31.72,32.71,,,,,,
609,26.06,27.17,31.61,31.61,,,,,,
610,26.25,27.25,31.43,31.19,,,,,,
611,26.32,27.49,31.73,31.85,,,,,,
612,26.27,27.38,31.43,31.59,,,,,,
613,26.13,26.98,31.5,31.02,,,,,,
614,26.04,27.26,31.13,30.08,,,,,,
615,26.37,27.15,30.69,30.51,,,,,,
616,26.19,27.12,30.63,30.31,,,,,,
617,26.13,27.21,31.71,30.02,,,,,,
618,26.12,27.09,31,30.29,,,,,,
619,26.16,27.21,31.15,29.16,,,,,,
620,26.1,27.05,30.79,29.34,,,,,,
621,26.11,27.23,31.12,29.36,,,,,,
622,26.09,27.03,30.7,29.4,,,,,,
623,26.06,27.08,31.05,29.49,,,,,,
624,26.22,27.25,30.85,29.37,,,,,,
