0, 32.51
1, 32.63
2, 32.68
3, 32.56
4, 32.37
5, 32.56
6, 32.43
7, 32.67
8, 32.35
9, 32.26
10, 32.36
11, 32.36
12, 32.38
13, 32.39
14, 32.49
15, 32.43
16, 32.3
17, 32.3
18, 32.5
19, 32.15
20, 32.52
21, 32.7
22, 32.69
23, 32.53
24, 32.32
25, 32.61
26, 32.13
27, 32.26
28, 32.54
29, 32.5
30, 32.3
31, 32.3
32, 32.39
33, 32.34
34, 32.2
35, 32.12
36, 32.49
37, 32.24
38, 32.26
39, 31.99
40, 32.34
41, 32.23
42, 32.03
43, 32.01
44, 32.27
45, 32.32
46, 32.22
47, 32.33
48, 32.32
49, 32.14
50, 32.32
51, 32.15
52, 32.13
53, 32.16
54, 32
55, 32.07
56, 32.1
57, 32.29
58, 32.27
59, 32.28
60, 32.13
61, 32.46
62, 32.33
63, 32.03
64, 32
65, 31.97
66, 31.82
67, 32.33
68, 32.06
69, 32.2
70, 32.02
71, 32.16
72, 32.17
73, 31.97
74, 32.11
75, 32.12
76, 32.01
77, 32.09
78, 32.16
79, 32.13
80, 32.05
81, 32.08
82, 32.13
83, 32.16
84, 32.17
85, 32.16
86, 32
87, 31.89
88, 31.71
89, 31.73
90, 32.09
91, 31.99
92, 31.91
93, 32.17
94, 32.02
95, 31.86
96, 32.16
97, 31.94
98, 31.93
99, 31.86
100, 32.04
101, 31.93
102, 31.94
103, 31.85
104, 31.92
105, 31.83
106, 31.84
107, 31.79
108, 31.87
109, 32
110, 31.88
111, 31.6
112, 31.81
113, 31.97
114, 31.9
115, 31.72
116, 31.73
117, 31.9
118, 31.56
119, 31.97
120, 31.87
121, 31.74
122, 31.94
123, 31.92
124, 31.6
125, 31.67
126, 31.71
127, 31.68
128, 31.73
129, 31.8
130, 31.62
131, 31.43
132, 31.43
133, 31.61
134, 31.57
135, 31.71
136, 31.64
137, 31.67
138, 31.72
139, 31.8
140, 31.57
141, 31.5
142, 31.66
143, 31.59
144, 31.85
145, 31.94
146, 31.86
147, 31.6
148, 31.62
149, 31.76
150, 31.71
151, 31.69
152, 31.84
153, 31.62
154, 31.42
155, 31.29
156, 31.74
157, 31.57
158, 31.39
159, 31.88
160, 31.49
161, 31.31
162, 31.52
163, 31.56
164, 31.4
165, 31.31
166, 31.19
167, 31.4
168, 31.3
169, 31.22
170, 31.5
171, 31.34
172, 31.34
173, 31.22
174, 31.2
175, 31.66
176, 31.35
177, 31.65
178, 31
179, 31.52
180, 31.55
181, 31.73
182, 31.43
183, 31.42
184, 31.31
185, 31.71
186, 31.27
187, 31.99
188, 31.21
189, 31.57
190, 31.11
191, 31.73
192, 31.42
193, 31.36
194, 31.18
195, 31.38
196, 31.29
197, 31.44
198, 31.39
199, 31.48
200, 31.34
201, 31.61
202, 31.84
203, 32.25
204, 31.97
205, 32.17
206, 32.33
207, 32.58
208, 32.46
209, 32.87
210, 33.06
211, 33.45
212, 33.28
213, 33.32
214, 33.33
215, 33.67
216, 33.89
217, 34.05
218, 34.1
219, 34.33
220, 34.51
221, 34.75
222, 34.66
223, 34.69
224, 35.15
225, 34.96
226, 35.06
227, 35.39
228, 35.36
229, 35.67
230, 35.67
231, 35.87
232, 36.07
233, 36.38
234, 36.39
235, 36.7
236, 36.97
237, 36.86
238, 37.07
239, 37.15
240, 37.21
241, 37.45
242, 37.57
243, 37.62
244, 37.88
245, 37.94
246, 37.81
247, 38.06
248, 38.48
249, 38.45
250, 38.74
251, 38.51
252, 38.86
253, 39.01
254, 39.17
255, 39.19
256, 39.4
257, 39.48
258, 39.6
259, 39.93
260, 40.36
261, 40.26
262, 40.41
263, 40.72
264, 40.61
265, 40.72
266, 40.78
267, 41.14
268, 41.08
269, 41.33
270, 41.51
271, 41.62
272, 41.76
273, 41.8
274, 41.83
275, 42.07
276, 42.35
277, 42.38
278, 42.23
279, 42.53
280, 42.64
281, 42.76
282, 43.03
283, 43.31
284, 43.28
285, 43.8
286, 43.97
287, 43.76
288, 43.49
289, 43.93
290, 44.23
291, 44.45
292, 44.3
293, 44.44
294, 44.62
295, 44.98
296, 45.03
297, 45.19
298, 45.09
299, 45.54
300, 45.56
301, 45.84
302, 45.95
303, 46.46
304, 46.48
305, 46.63
306, 46.57
307, 46.81
308, 46.77
309, 46.97
310, 47.1
311, 47.25
312, 47.38
313, 47.57
314, 47.84
315, 47.74
316, 47.82
317, 48.24
318, 48.48
319, 48.54
320, 48.55
321, 48.67
322, 48.86
323, 49.03
324, 49.24
325, 49.38
326, 49.86
327, 49.85
328, 49.74
329, 49.89
330, 50.4
331, 50.16
332, 50.55
333, 50.6
334, 50.74
335, 50.9
336, 51.18
337, 51.33
338, 51.38
339, 51.35
340, 51.7
341, 51.88
342, 52.07
343, 52.21
344, 52.53
345, 52.57
346, 52.54
347, 52.89
348, 52.99
349, 53.05
350, 52.97
351, 53.41
352, 53.41
353, 53.51
354, 53.85
355, 53.99
356, 54.37
357, 54.17
358, 54.58
359, 54.25
360, 54.82
361, 54.73
362, 54.87
363, 55.19
364, 55.14
365, 55.32
366, 55.58
367, 55.7
368, 55.87
369, 56.11
370, 55.91
371, 56.28
372, 56.8
373, 56.64
374, 56.83
375, 56.73
376, 57.07
377, 57.04
378, 57.61
379, 57.46
380, 57.76
381, 57.74
382, 57.84
383, 58.06
384, 58.22
385, 58.37
386, 58.55
387, 58.55
388, 58.89
389, 59.21
390, 59.23
391, 59.16
392, 59.55
393, 59.51
394, 59.62
395, 59.55
396, 60
397, 60.32
398, 59.89
399, 60.1
400, 60.27
401, 60.57
402, 60.69
403, 60.72
404, 60.92
405, 60.96
406, 61.23
407, 61.03
408, 61.43
409, 61.47
410, 61.87
411, 61.94
412, 61.83
413, 62.46
414, 62.6
415, 62.31
416, 62.49
417, 62.74
418, 62.41
419, 62.71
420, 63.23
421, 63.16
422, 63.18
423, 63.2
424, 63.55
425, 63.74
426, 63.66
427, 63.81
428, 63.71
429, 64.17
430, 64.06
431, 64.29
432, 64.41
433, 64.46
434, 64.75
435, 64.66
436, 64.95
437, 65.12
438, 65.27
439, 65.36
440, 65.19
441, 65.41
442, 65.68
443, 65.68
444, 65.89
445, 65.99
446, 66.08
447, 66.23
448, 66.48
449, 66.33
450, 66.78
451, 66.85
452, 66.43
453, 66.92
454, 66.99
455, 67.09
456, 67.51
457, 67.41
458, 67.26
459, 67.89
460, 67.83
461, 68.19
462, 68.17
463, 68.01
464, 68.08
465, 68.28
466, 68.51
467, 68.66
468, 68.68
469, 68.69
470, 68.71
471, 68.97
472, 69.09
473, 69.19
474, 69.46
475, 69.33
476, 68.96
477, 69.99
478, 69.53
479, 69.71
480, 69.99
481, 70.12
482, 70.22
483, 70.19
484, 70.35
485, 70.57
486, 70.43
487, 70.69
488, 70.98
489, 70.42
490, 70.63
491, 70.83
492, 71.02
493, 71.31
494, 71.22
495, 71.25
496, 71.75
497, 71.32
498, 72
499, 71.6
500, 71.73
501, 71.82
502, 71.75
503, 72.35
504, 72.05
505, 72.46
506, 72.48
507, 72.53
508, 72.61
509, 72.96
510, 72.69
511, 72.83
512, 73.27
513, 73.14
514, 73.01
515, 73.3
516, 73.18
517, 73.5
518, 73.35
519, 73.81
520, 73.51
521, 73.52
522, 73.79
523, 74.04
524, 73.93
525, 74.03
526, 74.12
527, 74.17
528, 74.49
529, 74.34
530, 74.72
531, 74.45
532, 74.83
533, 74.64
534, 74.99
535, 74.94
536, 74.79
537, 74.96
538, 75.19
539, 75.3
540, 75.31
541, 75.37
542, 75.64
543, 75.57
544, 75.7
545, 75.44
546, 75.97
547, 75.9
548, 75.93
549, 76.28
550, 76.1
551, 76.16
552, 76.16
553, 76.42
554, 76.47
555, 76.32
556, 77
557, 76.51
558, 76.95
559, 76.88
560, 77.13
561, 77.08
562, 77.03
563, 77.35
564, 77.78
565, 77.36
566, 77.24
567, 77.33
568, 77.7
569, 77.48
570, 77.5
571, 77.67
572, 77.7
573, 77.73
574, 78.16
575, 78.18
576, 77.92
577, 78.34
578, 78.58
579, 78.53
580, 78.74
581, 78.69
582, 78.76
583, 78.54
584, 78.59
585, 78.59
586, 79.02
587, 78.78
588, 79.02
589, 79.17
590, 78.85
591, 79.06
592, 79.23
593, 79.37
594, 79.12
595, 79.2
596, 79.32
597, 79.59
598, 79.79
599, 79.64
600, 80.25
601, 79.8
602, 80.24
603, 79.55
604, 79.71
605, 79.9
606, 80.13
607, 80.2
608, 80.21
609, 80.44
610, 80.41
611, 80.06
612, 80.22
613, 80.52
614, 80.4
615, 80.63
616, 80.76
617, 80.57
618, 80.79
619, 80.61
620, 80.71
621, 81.03
622, 80.74
623, 80.91
624, 80.91
625, 80.89
626, 81.11
627, 81
628, 81.01
629, 81.53
630, 81.47
631, 81.19
632, 81.4
633, 81.61
634, 81.62
635, 81.46
636, 81.28
637, 81.53
638, 81.24
639, 81.57
640, 81.92
641, 81.65
642, 81.87
643, 81.74
644, 82.01
645, 81.8
646, 81.84
647, 81.87
648, 82.03
649, 82.11
650, 82.12
651, 82.47
652, 82.55
653, 82.23
654, 82.24
655, 82.29
656, 82.35
657, 81.97
658, 82.28
659, 82.62
660, 82.2
661, 82.16
662, 82.5
663, 82.94
664, 82.62
665, 82.86
666, 82.91
667, 82.75
668, 82.94
669, 82.95
670, 82.94
671, 82.85
672, 82.8
673, 82.98
674, 83.1
675, 82.95
676, 83.41
677, 82.94
678, 82.98
679, 83.25
680, 83.24
681, 83.25
682, 83.09
683, 83.37
684, 83.44
685, 83.44
686, 83.47
687, 83.29
688, 83.83
689, 83.65
690, 83.55
691, 83.68
692, 83.65
693, 83.54
694, 83.89
695, 83.99
696, 83.55
697, 83.63
698, 83.69
699, 83.73
700, 84
701, 83.85
702, 83.71
703, 83.76
704, 83.95
705, 83.98
706, 83.98
707, 84.08
708, 83.82
709, 84.28
710, 83.93
711, 83.74
712, 84.34
713, 84.19
714, 84.1
715, 84.1
716, 84.34
717, 84.26
718, 84.1
719, 84.27
720, 84.58
721, 84.32
722, 84.14
723, 84.58
724, 84.67
725, 84.37
726, 84.21
727, 84.38
728, 84.33
729, 84.39
730, 84.17
731, 84.38
732, 84.67
733, 84.86
734, 84.62
735, 84.64
736, 84.99
737, 84.64
738, 84.6
739, 84.42
740, 84.84
741, 84.87
742, 84.68
743, 84.83
744, 84.87
745, 84.86
746, 84.88
747, 84.91
748, 85.1
749, 85.26
750, 84.93
751, 84.94
752, 85.06
753, 85.18
754, 85.09
755, 84.78
756, 84.77
757, 85.01
758, 85.06
759, 85.11
760, 85.1
761, 85.2
762, 85.15
763, 85.07
764, 84.76
765, 84.74
766, 85.35
767, 85.11
768, 85.44
769, 85.08
770, 85.15
771, 85.49
772, 85.16
773, 85.09
774, 85.13
775, 85.23
776, 85.35
777, 85.59
778, 85.7
779, 85.4
780, 85.36
781, 85.47
782, 85.49
783, 85.37
784, 85.2
785, 85.51
786, 85.3
787, 85.5
788, 85.43
789, 85.56
790, 86.03
791, 85.76
792, 85.55
793, 85.77
794, 85.61
795, 85.73
796, 85.98
797, 85.31
798, 85.75
799, 85.59
800, 85.56
801, 85.96
802, 85.73
803, 86.11
804, 85.5
805, 85.73
806, 85.7
807, 85.65
808, 85.78
809, 85.58
810, 85.78
811, 85.65
812, 85.96
813, 86.12
814, 85.7
815, 85.89
816, 85.85
817, 85.74
818, 85.86
819, 85.77
820, 86.15
821, 86.06
822, 86.13
823, 85.93
824, 86.05
825, 85.76
826, 86.01
827, 86.09
828, 86.2
829, 86.08
830, 85.84
831, 86.08
832, 86.11
833, 85.87
834, 86.36
835, 86.46
836, 86.35
837, 86.38
838, 86.46
839, 86.36
840, 86.45
841, 86.08
842, 86.04
843, 86.41
844, 86.62
845, 86.22
846, 86.62
847, 86.16
848, 86.53
849, 86.67
850, 86.47
851, 86.2
852, 86.62
853, 86.39
854, 86.4
855, 86.41
856, 86.13
857, 86.39
858, 86.43
859, 86.3
860, 86.57
861, 86.43
862, 86.27
863, 86.34
864, 86.46
865, 86.64
866, 86.54
867, 86.32
868, 86.56
869, 86.74
870, 86.96
871, 86.54
872, 86.43
873, 86.46
874, 86.93
875, 86.42
876, 86.4
877, 86.66
878, 86.48
879, 86.58
880, 86.36
881, 86.62
882, 86.74
883, 86.58
884, 86.72
885, 86.37
886, 86.42
887, 86.59
888, 86.29
889, 86.47
890, 86.84
891, 86.56
892, 87.02
893, 87.13
894, 86.79
895, 87
896, 87.03
897, 86.48
898, 86.93
899, 86.86
900, 86.5
901, 86.9
902, 86.74
903, 86.73
904, 86.9
905, 86.96
906, 87.14
907, 86.82
908, 87.05
909, 86.99
910, 86.86
911, 86.84
912, 86.8
913, 86.9
914, 86.98
915, 86.96
916, 87.2
917, 86.96
918, 87.14
919, 86.8
920, 87.07
921, 87.01
922, 87.19
923, 86.99
924, 87.12
925, 87
926, 86.98
927, 87.07
928, 87.1
929, 86.77
930, 86.76
931, 87.41
932, 87.18
933, 87.13
934, 86.9
935, 86.82
936, 87.02
937, 86.99
938, 87.64
939, 87.14
940, 87.1
941, 87.13
942, 87.04
943, 87.06
944, 87.02
945, 87.12
946, 86.98
947, 87.4
948, 87
949, 87.17
950, 86.85
951, 87.39
952, 86.99
953, 87.2
954, 87.06
955, 87.36
956, 86.96
957, 86.97
958, 87.18
959, 87.4
960, 87.37
961, 87.19
962, 87.49
963, 87.23
964, 87.52
965, 87.33
966, 87.32
967, 87.36
968, 87.25
969, 87.4
970, 87.3
971, 87.29
972, 87.18
973, 87.31
974, 87.72
975, 87.18
976, 87.44
977, 87.44
978, 87.54
979, 87.35
980, 87.31
981, 87.58
982, 87.39
983, 87.42
984, 87.22
985, 87.15
986, 87.64
987, 87.52
988, 87.67
989, 87.58
990, 87.71
991, 87.77
992, 87.07
993, 87.69
994, 88.08
995, 87.84
996, 87.37
997, 87.5
998, 87.66
999, 87.56
1000, 87.39
1001, 87.63
1002, 87.58
1003, 87.52
1004, 87.88
1005, 87.45
1006, 87.53
1007, 87.64
1008, 87.73
1009, 87.78
1010, 87.72
1011, 87.6
1012, 87.99
1013, 87.81
1014, 87.72
1015, 87.67
1016, 87.76
1017, 87.97
1018, 87.51
1019, 87.53
1020, 87.53
1021, 88.08
1022, 88.01
1023, 87.7
1024, 87.76
1025, 87.71
1026, 87.71
1027, 88.05
1028, 87.56
1029, 87.72
1030, 87.54
1031, 87.81
1032, 87.96
1033, 87.67
1034, 87.59
1035, 87.75
1036, 87.85
1037, 87.33
1038, 87.68
1039, 87.96
1040, 87.54
1041, 87.4
1042, 87.54
1043, 87.66
1044, 87.7
1045, 88.07
1046, 88.26
1047, 88.02
1048, 88.16
1049, 88.31
1050, 87.94
1051, 87.89
1052, 87.82
1053, 87.75
1054, 87.68
1055, 88.02
1056, 87.8
1057, 87.48
1058, 88.31
1059, 87.9
1060, 87.95
1061, 88.38
1062, 87.92
1063, 87.68
1064, 87.78
1065, 88.15
1066, 87.92
1067, 88.15
1068, 87.98
1069, 87.94
1070, 87.73
1071, 87.75
1072, 87.85
1073, 87.9
1074, 88.13
1075, 87.56
1076, 88.18
1077, 87.94
1078, 87.86
1079, 87.95
1080, 87.94
1081, 87.88
1082, 88.28
1083, 87.87
1084, 87.68
1085, 88.18
1086, 87.91
1087, 88.24
1088, 88.47
1089, 87.77
1090, 88.31
1091, 87.96
1092, 88
1093, 88.28
1094, 87.79
1095, 87.81
1096, 88.04
1097, 87.81
1098, 87.99
1099, 87.83
1100, 87.68
1101, 87.58
1102, 87.67
1103, 87.6
1104, 87.68
1105, 87.57
1106, 87.37
1107, 87.32
1108, 87.74
1109, 87.44
1110, 87.52
1111, 87.43
1112, 87.11
1113, 87.4
1114, 87.41
1115, 87.14
1116, 87.27
1117, 87.02
1118, 87
1119, 87.25
1120, 87.18
1121, 87.01
1122, 86.98
1123, 86.58
1124, 86.84
1125, 86.95
1126, 86.75
1127, 86.75
1128, 86.73
1129, 86.65
1130, 86.92
1131, 86.78
1132, 86.86
1133, 86.78
1134, 86.47
1135, 87.05
1136, 86.64
1137, 86.9
1138, 86.64
1139, 86.64
1140, 86.67
1141, 86.68
1142, 86.43
1143, 86.74
1144, 86.75
1145, 86.8
1146, 86.28
1147, 86.45
1148, 86.61
1149, 86.45
1150, 86.3
1151, 86.73
1152, 86.46
1153, 86.26
1154, 86.49
1155, 86.28
1156, 86.28
1157, 86.3
1158, 86.07
1159, 85.95
1160, 86.06
1161, 86.06
1162, 85.85
1163, 85.78
1164, 86.31
1165, 86.1
1166, 86.08
1167, 85.74
1168, 85.65
1169, 85.77
1170, 85.7
1171, 85.55
1172, 85.75
1173, 85.74
