TipoAntena,NAntenas,Caso,PotenciaAntena_W,PotenciaTotal_W,Modelo,TagDataset,NSnapshots,TiempoInicio_min,TiempoFin_min,UmbralCarbonizacion_C,TMaxDecision_C,TMaxDatos_C,TMaxMetadata_C,TMaxFullField_C,DifMaxMetadataVsDatos_C,DifMaxMetadataVsFullField_C,CorteSostenido_min,CarbonizacionSostenidaDesdeMin1,NExcesosTransitorios,TieneAdvertencia,MotivosAdvertencia,Clave
Monopolo,2,5,5,10,modelo_Monopolo_2ant,dset_c5_p5,21,0,20,120,101.692127504616,101.692127504616,101.692127504616,NaN,0,NaN,NaN,0,0,0,,monopolo|2|5|5
Monopolo,2,5,10,20,modelo_Monopolo_2ant,dset_c5_p10,21,0,20,120,116.111918783253,116.111918783253,116.111918783253,NaN,0,NaN,NaN,0,0,0,,monopolo|2|5|10
Monopolo,2,5,15,30,modelo_Monopolo_2ant,dset_c5_p15,21,0,20,120,119.961607875581,119.961607875581,119.961607875581,NaN,0,NaN,NaN,0,0,0,,monopolo|2|5|15
Monopolo,2,5,20,40,modelo_Monopolo_2ant,dset_c5_p20,21,0,20,120,132.256353053541,132.256353053541,132.256353053541,NaN,0,NaN,NaN,0,4,0,,monopolo|2|5|20
Monopolo,2,6,5,10,modelo_Monopolo_2ant,dset_c6_p5,21,0,20,120,124.885091494179,124.885091494179,124.885091494179,NaN,0,NaN,NaN,0,4,0,,monopolo|2|6|5
Monopolo,2,7,5,10,modelo_Monopolo_2ant,dset_c7_p5,21,0,20,120,102.968019043831,102.968019043831,102.968019043831,NaN,0,NaN,NaN,0,0,0,,monopolo|2|7|5
Monopolo,2,7,10,20,modelo_Monopolo_2ant,dset_c7_p10,21,0,20,120,116.036346365401,116.036346365401,116.036346365401,NaN,0,NaN,NaN,0,0,0,,monopolo|2|7|10
Monopolo,2,7,15,30,modelo_Monopolo_2ant,dset_c7_p15,21,0,20,120,123.819157100244,123.819157100244,123.819157100244,NaN,0,NaN,NaN,0,2,0,,monopolo|2|7|15
Monopolo,2,7,20,40,modelo_Monopolo_2ant,dset_c7_p20,21,0,20,120,130.11770768783,130.11770768783,130.11770768783,NaN,0,NaN,NaN,0,6,0,,monopolo|2|7|20
Monopolo,2,8,5,10,modelo_Monopolo_2ant,dset_c8_p5,21,0,20,120,127.938002909508,127.938002909508,127.938002909508,NaN,0,NaN,NaN,0,5,0,,monopolo|2|8|5
Monopolo,2,3,5,10,modelo_Monopolo_2ant,dset_c3_p5,21,0,20,120,112.294871022364,112.294871022364,112.294871022364,NaN,0,NaN,NaN,0,0,0,,monopolo|2|3|5
Monopolo,2,3,10,20,modelo_Monopolo_2ant,dset_c3_p10,21,0,20,120,125.014891972836,125.014891972836,125.014891972836,NaN,0,NaN,NaN,0,3,0,,monopolo|2|3|10
Monopolo,2,3,15,30,modelo_Monopolo_2ant,dset_c3_p15,21,0,20,120,132.212771217341,132.212771217341,132.212771217341,NaN,0,NaN,NaN,0,8,0,,monopolo|2|3|15
Monopolo,2,1,30,60,modelo_Monopolo_2ant,dset_c1_p30,21,0,20,120,127.009542558739,127.009542558739,127.009542558739,NaN,0,NaN,NaN,0,2,0,,monopolo|2|1|30
Monopolo,2,2,30,60,modelo_Monopolo_2ant,dset_c2_p30,21,0,20,120,110.976395341741,110.976395341741,110.976395341741,NaN,0,NaN,NaN,0,0,0,,monopolo|2|2|30
Monopolo,2,3,30,60,modelo_Monopolo_2ant,dset_c3_p30,21,0,20,120,137.560920203981,137.560920203981,137.560920203981,NaN,0,NaN,NaN,0,1,0,,monopolo|2|3|30
Monopolo,2,4,30,60,modelo_Monopolo_2ant,dset_c4_p30,21,0,20,120,114.138430065528,114.138430065528,114.138430065528,NaN,0,NaN,NaN,0,0,0,,monopolo|2|4|30
Monopolo,2,5,30,60,modelo_Monopolo_2ant,dset_c5_p30,21,0,20,120,146.030490757761,146.030490757761,146.030490757761,NaN,0,NaN,NaN,0,4,0,,monopolo|2|5|30
Monopolo,2,6,30,60,modelo_Monopolo_2ant,dset_c6_p30,21,0,20,120,111.294509231653,111.294509231653,111.294509231653,NaN,0,NaN,NaN,0,0,0,,monopolo|2|6|30
Monopolo,2,7,30,60,modelo_Monopolo_2ant,dset_c7_p30,21,0,20,120,137.79759002663,137.79759002663,137.79759002663,NaN,0,NaN,NaN,0,1,0,,monopolo|2|7|30
Monopolo,2,8,30,60,modelo_Monopolo_2ant,dset_c8_p30,21,0,20,120,124.685141522238,124.685141522238,124.685141522238,NaN,0,NaN,NaN,0,1,0,,monopolo|2|8|30
Monopolo,2,0,30,60,modelo_Monopolo_2ant,dset_c0_p30,21,0,20,500,386.50148348903,386.50148348903,386.50148348903,NaN,0,NaN,NaN,0,0,0,,monopolo|2|0|30
Doble_slot,1,5,5,5,modelo_Doble_slot_1ant,dset_c5_p5,21,0,20,120,100.019277439468,100.019277439468,100.019277439468,NaN,0,NaN,NaN,0,0,0,,doble_slot|1|5|5
Doble_slot,1,5,10,10,modelo_Doble_slot_1ant,dset_c5_p10,21,0,20,120,112.764677863007,112.764677863007,112.764677863007,NaN,0,NaN,NaN,0,0,0,,doble_slot|1|5|10
Doble_slot,1,5,15,15,modelo_Doble_slot_1ant,dset_c5_p15,21,0,20,120,119.062249379647,119.062249379647,119.062249379647,NaN,0,NaN,NaN,0,0,0,,doble_slot|1|5|15
Doble_slot,1,6,5,5,modelo_Doble_slot_1ant,dset_c6_p5,21,0,20,120,148.91247274446,148.91247274446,148.91247274446,NaN,0,NaN,NaN,0,4,0,,doble_slot|1|6|5
Doble_slot,1,7,5,5,modelo_Doble_slot_1ant,dset_c7_p5,21,0,20,120,102.844069540004,102.844069540004,102.844069540004,NaN,0,NaN,NaN,0,0,0,,doble_slot|1|7|5
Doble_slot,1,7,10,10,modelo_Doble_slot_1ant,dset_c7_p10,21,0,20,120,114.174966161811,114.174966161811,114.174966161811,NaN,0,NaN,NaN,0,0,0,,doble_slot|1|7|10
Doble_slot,1,7,15,15,modelo_Doble_slot_1ant,dset_c7_p15,21,0,20,120,125.315028574321,125.315028574321,125.315028574321,NaN,0,NaN,NaN,0,3,0,,doble_slot|1|7|15
Doble_slot,1,7,20,20,modelo_Doble_slot_1ant,dset_c7_p20,21,0,20,120,135.64523062611,135.64523062611,135.64523062611,NaN,0,NaN,NaN,0,3,0,,doble_slot|1|7|20
Doble_slot,1,7,25,25,modelo_Doble_slot_1ant,dset_c7_p25,21,0,20,120,123.088598719542,123.088598719542,123.088598719542,NaN,0,NaN,NaN,0,1,0,,doble_slot|1|7|25
Doble_slot,1,7,30,30,modelo_Doble_slot_1ant,dset_c7_p30,21,0,20,120,112.108702931825,112.108702931825,112.108702931825,NaN,0,NaN,NaN,0,0,0,,doble_slot|1|7|30
Doble_slot,1,7,35,35,modelo_Doble_slot_1ant,dset_c7_p35,21,0,20,120,120.088260021256,120.088260021256,120.088260021256,NaN,0,NaN,NaN,0,1,0,,doble_slot|1|7|35
Doble_slot,1,0,5,5,modelo_Doble_slot_1ant,dset_c0_p5,21,0,20,500,97.8711334044327,97.8711334044327,97.8711334044327,NaN,0,NaN,NaN,0,0,0,,doble_slot|1|0|5
Doble_slot,1,0,10,10,modelo_Doble_slot_1ant,dset_c0_p10,21,0,20,500,158.701940764364,158.701940764364,158.701940764364,NaN,0,NaN,NaN,0,0,0,,doble_slot|1|0|10
Doble_slot,1,1,5,5,modelo_Doble_slot_1ant,dset_c1_p5,21,0,20,120,105.213834916495,105.213834916495,105.213834916495,NaN,0,NaN,NaN,0,0,0,,doble_slot|1|1|5
Doble_slot,1,1,10,10,modelo_Doble_slot_1ant,dset_c1_p10,21,0,20,120,119.964077992044,119.964077992044,119.964077992044,NaN,0,NaN,NaN,0,0,0,,doble_slot|1|1|10
Doble_slot,1,3,5,5,modelo_Doble_slot_1ant,dset_c3_p5,21,0,20,120,109.129588196149,109.129588196149,109.129588196149,NaN,0,NaN,NaN,0,0,0,,doble_slot|1|3|5
Doble_slot,1,3,10,10,modelo_Doble_slot_1ant,dset_c3_p10,21,0,20,120,125.236312038569,125.236312038569,125.236312038569,NaN,0,NaN,20,0,4,0,,doble_slot|1|3|10
Doble_slot,1,3,15,15,modelo_Doble_slot_1ant,dset_c3_p15,21,0,20,120,119.613944035127,119.613944035127,119.613944035127,NaN,0,NaN,NaN,0,0,0,,doble_slot|1|3|15
Doble_slot,1,3,20,20,modelo_Doble_slot_1ant,dset_c3_p20,21,0,20,120,124.33060397215,124.33060397215,124.33060397215,NaN,0,NaN,NaN,0,2,0,,doble_slot|1|3|20
Doble_slot,2,5,5,10,modelo_Doble_slot_2ant,dset_c5_p5,21,0,20,120,105.133164828949,105.133164828949,105.133164828949,NaN,0,NaN,NaN,0,0,0,,doble_slot|2|5|5
Doble_slot,2,5,10,20,modelo_Doble_slot_2ant,dset_c5_p10,21,0,20,120,116.39602704603,116.39602704603,116.39602704603,NaN,0,NaN,NaN,0,0,0,,doble_slot|2|5|10
Doble_slot,2,5,15,30,modelo_Doble_slot_2ant,dset_c5_p15,21,0,20,120,127.308473275838,127.308473275838,127.308473275838,NaN,0,NaN,NaN,0,5,0,,doble_slot|2|5|15
Doble_slot,2,7,5,10,modelo_Doble_slot_2ant,dset_c7_p5,21,0,20,120,107.273746389431,107.273746389431,107.273746389431,NaN,0,NaN,NaN,0,0,0,,doble_slot|2|7|5
Doble_slot,2,7,10,20,modelo_Doble_slot_2ant,dset_c7_p10,21,0,20,120,121.196750232571,121.196750232571,121.196750232571,NaN,0,NaN,NaN,0,1,0,,doble_slot|2|7|10
Doble_slot,2,7,15,30,modelo_Doble_slot_2ant,dset_c7_p15,21,0,20,120,123.136037705758,123.136037705758,123.136037705758,NaN,0,NaN,NaN,0,3,0,,doble_slot|2|7|15
Doble_slot,2,7,20,40,modelo_Doble_slot_2ant,dset_c7_p20,21,0,20,120,125.233767861683,125.233767861683,125.233767861683,NaN,0,NaN,NaN,0,2,0,,doble_slot|2|7|20
Doble_slot,2,7,25,50,modelo_Doble_slot_2ant,dset_c7_p25,21,0,20,120,119.810117114289,119.810117114289,119.810117114289,NaN,0,NaN,NaN,0,0,0,,doble_slot|2|7|25
Doble_slot,2,7,30,60,modelo_Doble_slot_2ant,dset_c7_p30,21,0,20,120,146.840104544926,146.840104544926,146.840104544926,NaN,0,NaN,NaN,0,2,0,,doble_slot|2|7|30
Doble_slot,2,0,5,10,modelo_Doble_slot_2ant,dset_c0_p5,21,0,20,500,107.441580487759,107.441580487759,107.441580487759,NaN,0,NaN,NaN,0,0,0,,doble_slot|2|0|5
Doble_slot,2,0,10,20,modelo_Doble_slot_2ant,dset_c0_p10,21,0,20,500,177.786742482396,177.786742482396,177.786742482396,NaN,0,NaN,NaN,0,0,0,,doble_slot|2|0|10
Doble_slot,2,1,5,10,modelo_Doble_slot_2ant,dset_c1_p5,21,0,20,120,110.097997433101,110.097997433101,110.097997433101,NaN,0,NaN,NaN,0,0,0,,doble_slot|2|1|5
Doble_slot,2,1,10,20,modelo_Doble_slot_2ant,dset_c1_p10,21,0,20,120,122.596871355408,122.596871355408,122.596871355408,NaN,0,NaN,NaN,0,2,0,,doble_slot|2|1|10
Doble_slot,2,3,5,10,modelo_Doble_slot_2ant,dset_c3_p5,21,0,20,120,113.894751349511,113.894751349511,113.894751349511,NaN,0,NaN,NaN,0,0,0,,doble_slot|2|3|5
Doble_slot,2,3,10,20,modelo_Doble_slot_2ant,dset_c3_p10,21,0,20,120,128.741557617665,128.741557617665,128.741557617665,NaN,0,NaN,NaN,0,4,0,,doble_slot|2|3|10
Doble_slot,2,3,15,30,modelo_Doble_slot_2ant,dset_c3_p15,21,0,20,120,131.292895695202,131.292895695202,131.292895695202,NaN,0,NaN,NaN,0,1,0,,doble_slot|2|3|15
Doble_slot,2,3,20,40,modelo_Doble_slot_2ant,dset_c3_p20,21,0,20,120,116.57550508036,116.57550508036,116.57550508036,NaN,0,NaN,NaN,0,0,0,,doble_slot|2|3|20
Doble_slot,2,3,25,50,modelo_Doble_slot_2ant,dset_c3_p25,21,0,20,120,121.137510810145,121.137510810145,121.137510810145,NaN,0,NaN,NaN,0,1,0,,doble_slot|2|3|25
Doble_slot,2,3,30,60,modelo_Doble_slot_2ant,dset_c3_p30,21,0,20,120,126.786185443333,126.786185443333,126.786185443333,NaN,0,NaN,NaN,0,1,0,,doble_slot|2|3|30
Doble_slot,2,3,35,70,modelo_Doble_slot_2ant,dset_c3_p35,21,0,20,120,117.235974259453,117.235974259453,117.235974259453,NaN,0,NaN,NaN,0,0,0,,doble_slot|2|3|35
Doble_slot,2,3,40,80,modelo_Doble_slot_2ant,dset_c3_p40,21,0,20,120,118.275773189305,118.275773189305,118.275773189305,NaN,0,NaN,NaN,0,0,0,,doble_slot|2|3|40
Doble_slot,2,3,45,90,modelo_Doble_slot_2ant,dset_c3_p45,21,0,20,120,123.520679128374,123.520679128374,123.520679128374,NaN,0,NaN,NaN,0,2,0,,doble_slot|2|3|45
Doble_slot,2,3,50,100,modelo_Doble_slot_2ant,dset_c3_p50,21,0,20,120,126.685929241176,126.685929241176,126.685929241176,NaN,0,NaN,NaN,0,2,0,,doble_slot|2|3|50
Doble_slot,3,5,5,15,modelo_Doble_slot_3ant,dset_c5_p5,21,0,20,120,108.830336596388,108.830336596388,108.830336596388,NaN,0,NaN,NaN,0,0,0,,doble_slot|3|5|5
Doble_slot,3,5,10,30,modelo_Doble_slot_3ant,dset_c5_p10,21,0,20,120,121.079338140414,121.079338140414,121.079338140414,NaN,0,NaN,NaN,0,1,0,,doble_slot|3|5|10
Doble_slot,3,5,15,45,modelo_Doble_slot_3ant,dset_c5_p15,21,0,20,120,127.815570740011,127.815570740011,127.815570740011,NaN,0,NaN,NaN,0,3,0,,doble_slot|3|5|15
Doble_slot,3,7,5,15,modelo_Doble_slot_3ant,dset_c7_p5,21,0,20,120,109.56860382768,109.56860382768,109.56860382768,NaN,0,NaN,NaN,0,0,0,,doble_slot|3|7|5
Doble_slot,3,7,10,30,modelo_Doble_slot_3ant,dset_c7_p10,21,0,20,120,125.202700969522,125.202700969522,125.202700969522,NaN,0,NaN,NaN,0,1,0,,doble_slot|3|7|10
Doble_slot,3,0,5,15,modelo_Doble_slot_3ant,dset_c0_p5,21,0,20,500,118.949010540729,118.949010540729,118.949010540729,NaN,0,NaN,NaN,0,0,0,,doble_slot|3|0|5
Doble_slot,3,0,10,30,modelo_Doble_slot_3ant,dset_c0_p10,21,0,20,500,200.811010627033,200.811010627033,200.811010627033,NaN,0,NaN,NaN,0,0,0,,doble_slot|3|0|10
Doble_slot,3,1,5,15,modelo_Doble_slot_3ant,dset_c1_p5,21,0,20,120,112.120587706771,112.120587706771,112.120587706771,NaN,0,NaN,NaN,0,0,0,,doble_slot|3|1|5
Doble_slot,3,1,10,30,modelo_Doble_slot_3ant,dset_c1_p10,21,0,20,120,131.277435662121,131.277435662121,131.277435662121,NaN,0,NaN,NaN,0,5,0,,doble_slot|3|1|10
Doble_slot,3,3,5,15,modelo_Doble_slot_3ant,dset_c3_p5,21,0,20,120,118.888819018837,118.888819018837,118.888819018837,NaN,0,NaN,NaN,0,0,0,,doble_slot|3|3|5
Doble_slot,3,3,10,30,modelo_Doble_slot_3ant,dset_c3_p10,21,0,20,120,127.746797399755,127.746797399755,127.746797399755,NaN,0,NaN,NaN,0,3,0,,doble_slot|3|3|10
Doble_slot,3,3,15,45,modelo_Doble_slot_3ant,dset_c3_p15,21,0,20,120,128.415149254588,128.415149254588,128.415149254588,NaN,0,NaN,NaN,0,1,0,,doble_slot|3|3|15
Doble_slot,3,3,20,60,modelo_Doble_slot_3ant,dset_c3_p20,21,0,20,120,121.582023147099,121.582023147099,121.582023147099,NaN,0,NaN,NaN,0,1,0,,doble_slot|3|3|20
Doble_slot,3,3,25,75,modelo_Doble_slot_3ant,dset_c3_p25,21,0,20,120,131.852670726349,131.852670726349,131.852670726349,NaN,0,NaN,NaN,0,2,0,,doble_slot|3|3|25
Doble_slot,3,3,30,90,modelo_Doble_slot_3ant,dset_c3_p30,21,0,20,120,127.137687461946,127.137687461946,127.137687461946,NaN,0,NaN,NaN,0,1,0,,doble_slot|3|3|30
Doble_slot,4,5,5,20,modelo_Doble_slot_4ant,dset_c5_p5,21,0,20,120,107.322135615948,107.322135615948,107.322135615948,NaN,0,NaN,NaN,0,0,0,,doble_slot|4|5|5
Doble_slot,4,5,10,40,modelo_Doble_slot_4ant,dset_c5_p10,21,0,20,120,119.97625040535,119.97625040535,119.97625040535,NaN,0,NaN,NaN,0,0,0,,doble_slot|4|5|10
Doble_slot,4,5,15,60,modelo_Doble_slot_4ant,dset_c5_p15,21,0,20,120,118.119404035631,118.119404035631,118.119404035631,NaN,0,NaN,NaN,0,0,0,,doble_slot|4|5|15
Doble_slot,4,5,20,80,modelo_Doble_slot_4ant,dset_c5_p20,21,0,20,120,123.041650018035,123.041650018035,123.041650018035,NaN,0,NaN,NaN,0,2,0,,doble_slot|4|5|20
Doble_slot,4,5,25,100,modelo_Doble_slot_4ant,dset_c5_p25,21,0,20,120,127.150527158959,127.150527158959,127.150527158959,NaN,0,NaN,NaN,0,3,0,,doble_slot|4|5|25
Doble_slot,4,7,5,20,modelo_Doble_slot_4ant,dset_c7_p5,21,0,20,120,111.336746867959,111.336746867959,111.336746867959,NaN,0,NaN,NaN,0,0,0,,doble_slot|4|7|5
Doble_slot,4,7,10,40,modelo_Doble_slot_4ant,dset_c7_p10,21,0,20,120,122.064477538112,122.064477538112,122.064477538112,NaN,0,NaN,NaN,0,2,0,,doble_slot|4|7|10
Doble_slot,4,8,5,20,modelo_Doble_slot_4ant,dset_c8_p5,21,0,20,120,117.955947675726,117.955947675726,117.955947675726,NaN,0,NaN,NaN,0,0,0,,doble_slot|4|8|5
Doble_slot,4,8,10,40,modelo_Doble_slot_4ant,dset_c8_p10,21,0,20,120,117.347397595312,117.347397595312,117.347397595312,NaN,0,NaN,NaN,0,0,0,,doble_slot|4|8|10
Doble_slot,4,8,15,60,modelo_Doble_slot_4ant,dset_c8_p15,21,0,20,120,112.217322171125,112.217322171125,112.217322171125,NaN,0,NaN,NaN,0,0,0,,doble_slot|4|8|15
Doble_slot,4,8,20,80,modelo_Doble_slot_4ant,dset_c8_p20,21,0,20,120,113.920675437378,113.920675437378,113.920675437378,NaN,0,NaN,NaN,0,0,0,,doble_slot|4|8|20
Doble_slot,4,8,25,100,modelo_Doble_slot_4ant,dset_c8_p25,21,0,20,120,112.985059261715,112.985059261715,112.985059261715,NaN,0,NaN,NaN,0,0,0,,doble_slot|4|8|25
Doble_slot,4,0,5,20,modelo_Doble_slot_4ant,dset_c0_p5,21,0,20,500,116.40859612289,116.40859612289,116.40859612289,NaN,0,NaN,NaN,0,0,0,,doble_slot|4|0|5
Doble_slot,4,0,10,40,modelo_Doble_slot_4ant,dset_c0_p10,21,0,20,500,195.712700287762,195.712700287762,195.712700287762,NaN,0,NaN,NaN,0,0,0,,doble_slot|4|0|10
Doble_slot,4,1,5,20,modelo_Doble_slot_4ant,dset_c1_p5,21,0,20,120,116.310517237758,116.310517237758,116.310517237758,NaN,0,NaN,NaN,0,0,0,,doble_slot|4|1|5
Doble_slot,4,1,10,40,modelo_Doble_slot_4ant,dset_c1_p10,21,0,20,120,132.462639015421,132.462639015421,132.462639015421,NaN,0,NaN,NaN,0,6,0,,doble_slot|4|1|10
Doble_slot,4,3,5,20,modelo_Doble_slot_4ant,dset_c3_p5,21,0,20,120,116.823327953653,116.823327953653,116.823327953653,NaN,0,NaN,NaN,0,0,0,,doble_slot|4|3|5
Doble_slot,4,3,10,40,modelo_Doble_slot_4ant,dset_c3_p10,21,0,20,120,128.675425705608,128.675425705608,128.675425705608,NaN,0,NaN,NaN,0,5,0,,doble_slot|4|3|10
Monopolo,1,5,5,5,modelo_Monopolo_1ant,dset_c5_p5,21,0,20,120,95.9203500205548,95.9203500205548,95.9203500205548,NaN,0,NaN,NaN,0,0,0,,monopolo|1|5|5
Monopolo,1,5,10,10,modelo_Monopolo_1ant,dset_c5_p10,21,0,20,120,112.369490697013,112.369490697013,112.369490697013,NaN,0,NaN,NaN,0,0,0,,monopolo|1|5|10
Monopolo,1,5,15,15,modelo_Monopolo_1ant,dset_c5_p15,21,0,20,120,122.608479667123,122.608479667123,122.608479667123,NaN,0,NaN,NaN,0,2,0,,monopolo|1|5|15
Monopolo,1,5,20,20,modelo_Monopolo_1ant,dset_c5_p20,21,0,20,120,123.907227422645,123.907227422645,123.907227422645,NaN,0,NaN,NaN,0,2,0,,monopolo|1|5|20
Monopolo,1,6,5,5,modelo_Monopolo_1ant,dset_c6_p5,21,0,20,120,121.628572020112,121.628572020112,121.628572020112,NaN,0,NaN,NaN,0,1,0,,monopolo|1|6|5
Monopolo,1,6,10,10,modelo_Monopolo_1ant,dset_c6_p10,21,0,20,120,118.563345422443,118.563345422443,118.563345422443,NaN,0,NaN,NaN,0,0,0,,monopolo|1|6|10
Monopolo,1,7,5,5,modelo_Monopolo_1ant,dset_c7_p5,21,0,20,120,99.236225376518,99.236225376518,99.236225376518,NaN,0,NaN,NaN,0,0,0,,monopolo|1|7|5
Monopolo,1,7,10,10,modelo_Monopolo_1ant,dset_c7_p10,21,0,20,120,113.713825756711,113.713825756711,113.713825756711,NaN,0,NaN,NaN,0,0,0,,monopolo|1|7|10
Monopolo,1,7,15,15,modelo_Monopolo_1ant,dset_c7_p15,21,0,20,120,122.199042233226,122.199042233226,122.199042233226,NaN,0,NaN,NaN,0,2,0,,monopolo|1|7|15
Monopolo,1,7,20,20,modelo_Monopolo_1ant,dset_c7_p20,21,0,20,120,122.697633933522,122.697633933522,122.697633933522,NaN,0,NaN,NaN,0,2,0,,monopolo|1|7|20
Monopolo,1,8,5,5,modelo_Monopolo_1ant,dset_c8_p5,21,0,20,120,124.451249599199,124.451249599199,124.451249599199,NaN,0,NaN,NaN,0,1,0,,monopolo|1|8|5
Monopolo,1,8,10,10,modelo_Monopolo_1ant,dset_c8_p10,21,0,20,120,131.114303523216,131.114303523216,131.114303523216,NaN,0,NaN,NaN,0,2,0,,monopolo|1|8|10
Monopolo,1,8,15,15,modelo_Monopolo_1ant,dset_c8_p15,21,0,20,120,121.263980342024,121.263980342024,121.263980342024,NaN,0,NaN,NaN,0,1,0,,monopolo|1|8|15
Monopolo,1,8,20,20,modelo_Monopolo_1ant,dset_c8_p20,21,0,20,120,114.746534102072,114.746534102072,114.746534102072,NaN,0,NaN,NaN,0,0,0,,monopolo|1|8|20
Monopolo,1,8,25,25,modelo_Monopolo_1ant,dset_c8_p25,21,0,20,120,114.174595319491,114.174595319491,114.174595319491,NaN,0,NaN,NaN,0,0,0,,monopolo|1|8|25
Monopolo,1,8,30,30,modelo_Monopolo_1ant,dset_c8_p30,21,0,20,120,110.100685359161,110.100685359161,110.100685359161,NaN,0,NaN,NaN,0,0,0,,monopolo|1|8|30
Monopolo,1,8,35,35,modelo_Monopolo_1ant,dset_c8_p35,21,0,20,120,108.972868421931,108.972868421931,108.972868421931,NaN,0,NaN,NaN,0,0,0,,monopolo|1|8|35
Monopolo,1,8,40,40,modelo_Monopolo_1ant,dset_c8_p40,21,0,20,120,114.483795840147,114.483795840147,114.483795840147,NaN,0,NaN,NaN,0,0,0,,monopolo|1|8|40
Monopolo,1,8,45,45,modelo_Monopolo_1ant,dset_c8_p45,21,0,20,120,111.073142317894,111.073142317894,111.073142317894,NaN,0,NaN,NaN,0,0,0,,monopolo|1|8|45
Monopolo,1,8,50,50,modelo_Monopolo_1ant,dset_c8_p50,21,0,20,120,110.796931303022,110.796931303022,110.796931303022,NaN,0,NaN,NaN,0,0,0,,monopolo|1|8|50
Monopolo,1,8,55,55,modelo_Monopolo_1ant,dset_c8_p55,21,0,20,120,136.410823505235,136.410823505235,136.410823505235,NaN,0,NaN,NaN,0,5,0,,monopolo|1|8|55
Monopolo,1,8,60,60,modelo_Monopolo_1ant,dset_c8_p60,21,0,20,120,137.056070147126,137.056070147126,137.056070147126,NaN,0,NaN,NaN,0,2,0,,monopolo|1|8|60
Monopolo,1,8,65,65,modelo_Monopolo_1ant,dset_c8_p65,21,0,20,120,121.077617049163,121.077617049163,121.077617049163,NaN,0,NaN,NaN,0,1,0,,monopolo|1|8|65
Monopolo,1,8,70,70,modelo_Monopolo_1ant,dset_c8_p70,21,0,20,120,108.427662688373,108.427662688373,108.427662688373,NaN,0,NaN,NaN,0,0,0,,monopolo|1|8|70
Monopolo,1,8,75,75,modelo_Monopolo_1ant,dset_c8_p75,21,0,20,120,129.772067765027,129.772067765027,129.772067765027,NaN,0,NaN,NaN,0,1,0,,monopolo|1|8|75
Monopolo,1,8,80,80,modelo_Monopolo_1ant,dset_c8_p80,21,0,20,120,116.805798874617,116.805798874617,116.805798874617,NaN,0,NaN,NaN,0,0,0,,monopolo|1|8|80
Monopolo,1,8,85,85,modelo_Monopolo_1ant,dset_c8_p85,21,0,20,120,111.081857909754,111.081857909754,111.081857909754,NaN,0,NaN,NaN,0,0,0,,monopolo|1|8|85
Monopolo,1,8,90,90,modelo_Monopolo_1ant,dset_c8_p90,21,0,20,120,120.518458206034,120.518458206034,120.518458206034,NaN,0,NaN,NaN,0,1,0,,monopolo|1|8|90
Monopolo,1,8,95,95,modelo_Monopolo_1ant,dset_c8_p95,21,0,20,120,121.957344734685,121.957344734685,121.957344734685,NaN,0,NaN,NaN,0,1,0,,monopolo|1|8|95
Monopolo,1,8,100,100,modelo_Monopolo_1ant,dset_c8_p100,21,0,20,120,107.892531009155,107.892531009155,107.892531009155,NaN,0,NaN,NaN,0,0,0,,monopolo|1|8|100
Monopolo,1,0,5,5,modelo_Monopolo_1ant,dset_c0_p5,21,0,20,500,85.7500675837833,85.7500675837833,85.7500675837833,NaN,0,NaN,NaN,0,0,0,,monopolo|1|0|5
Monopolo,1,0,10,10,modelo_Monopolo_1ant,dset_c0_p10,21,0,20,500,134.358949567296,134.358949567296,134.358949567296,NaN,0,NaN,NaN,0,0,0,,monopolo|1|0|10
Monopolo,1,0,15,15,modelo_Monopolo_1ant,dset_c0_p15,21,0,20,500,182.969856815552,182.969856815552,182.969856815552,NaN,0,NaN,NaN,0,0,0,,monopolo|1|0|15
Monopolo,1,1,5,5,modelo_Monopolo_1ant,dset_c1_p5,21,0,20,120,100.974088556001,100.974088556001,100.974088556001,NaN,0,NaN,NaN,0,0,0,,monopolo|1|1|5
Monopolo,1,1,10,10,modelo_Monopolo_1ant,dset_c1_p10,21,0,20,120,113.82593232279,113.82593232279,113.82593232279,NaN,0,NaN,NaN,0,0,0,,monopolo|1|1|10
Monopolo,1,1,15,15,modelo_Monopolo_1ant,dset_c1_p15,21,0,20,120,122.007781878564,122.007781878564,122.007781878564,NaN,0,NaN,NaN,0,2,0,,monopolo|1|1|15
Monopolo,1,3,5,5,modelo_Monopolo_1ant,dset_c3_p5,21,0,20,120,106.884040381219,106.884040381219,106.884040381219,NaN,0,NaN,NaN,0,0,0,,monopolo|1|3|5
Monopolo,1,3,10,10,modelo_Monopolo_1ant,dset_c3_p10,21,0,20,120,117.418772110425,117.418772110425,117.418772110425,NaN,0,NaN,NaN,0,0,0,,monopolo|1|3|10
Monopolo,1,3,15,15,modelo_Monopolo_1ant,dset_c3_p15,21,0,20,120,128.482561776465,128.482561776465,128.482561776465,NaN,0,NaN,NaN,0,3,0,,monopolo|1|3|15
Monopolo,1,4,5,5,modelo_Monopolo_1ant,dset_c4_p5,21,0,20,120,128.016460453877,128.016460453877,128.016460453877,NaN,0,NaN,NaN,0,3,0,,monopolo|1|4|5
Monopolo,1,4,10,10,modelo_Monopolo_1ant,dset_c4_p10,21,0,20,120,120.127052565294,120.127052565294,120.127052565294,NaN,0,NaN,NaN,0,1,0,,monopolo|1|4|10
Monopolo,1,4,15,15,modelo_Monopolo_1ant,dset_c4_p15,21,0,20,120,119.240247144119,119.240247144119,119.240247144119,NaN,0,NaN,NaN,0,0,0,,monopolo|1|4|15
Monopolo,1,4,20,20,modelo_Monopolo_1ant,dset_c4_p20,21,0,20,120,127.450068650655,127.450068650655,127.450068650655,NaN,0,NaN,NaN,0,1,0,,monopolo|1|4|20
Monopolo,1,4,25,25,modelo_Monopolo_1ant,dset_c4_p25,21,0,20,120,111.145325631011,111.145325631011,111.145325631011,NaN,0,NaN,NaN,0,0,0,,monopolo|1|4|25
Monopolo,1,4,30,30,modelo_Monopolo_1ant,dset_c4_p30,21,0,20,120,112.997937464678,112.997937464678,112.997937464678,NaN,0,NaN,NaN,0,0,0,,monopolo|1|4|30
Monopolo,1,4,35,35,modelo_Monopolo_1ant,dset_c4_p35,21,0,20,120,112.43902077227,112.43902077227,112.43902077227,NaN,0,NaN,NaN,0,0,0,,monopolo|1|4|35
Monopolo,1,4,40,40,modelo_Monopolo_1ant,dset_c4_p40,21,0,20,120,115.032907691673,115.032907691673,115.032907691673,NaN,0,NaN,NaN,0,0,0,,monopolo|1|4|40
Monopolo,1,4,45,45,modelo_Monopolo_1ant,dset_c4_p45,21,0,20,120,112.180336220746,112.180336220746,112.180336220746,NaN,0,NaN,NaN,0,0,0,,monopolo|1|4|45
Monopolo,1,4,50,50,modelo_Monopolo_1ant,dset_c4_p50,21,0,20,120,117.307389850428,117.307389850428,117.307389850428,NaN,0,NaN,NaN,0,0,0,,monopolo|1|4|50
Monopolo,1,4,55,55,modelo_Monopolo_1ant,dset_c4_p55,21,0,20,120,111.49106150789,111.49106150789,111.49106150789,NaN,0,NaN,NaN,0,0,0,,monopolo|1|4|55
Monopolo,1,4,60,60,modelo_Monopolo_1ant,dset_c4_p60,21,0,20,120,111.899246106753,111.899246106753,111.899246106753,NaN,0,NaN,NaN,0,0,0,,monopolo|1|4|60
Monopolo,1,4,65,65,modelo_Monopolo_1ant,dset_c4_p65,21,0,20,120,118.021986072583,118.021986072583,118.021986072583,NaN,0,NaN,NaN,0,0,0,,monopolo|1|4|65
Monopolo,1,4,70,70,modelo_Monopolo_1ant,dset_c4_p70,21,0,20,120,110.179169965821,110.179169965821,110.179169965821,NaN,0,NaN,NaN,0,0,0,,monopolo|1|4|70
Monopolo,1,4,75,75,modelo_Monopolo_1ant,dset_c4_p75,21,0,20,120,115.940147357103,115.940147357103,115.940147357103,NaN,0,NaN,NaN,0,0,0,,monopolo|1|4|75
Monopolo,1,4,80,80,modelo_Monopolo_1ant,dset_c4_p80,21,0,20,120,114.437113372119,114.437113372119,114.437113372119,NaN,0,NaN,NaN,0,0,0,,monopolo|1|4|80
Monopolo,1,4,85,85,modelo_Monopolo_1ant,dset_c4_p85,21,0,20,120,121.074416259861,121.074416259861,121.074416259861,NaN,0,NaN,NaN,0,1,0,,monopolo|1|4|85
Monopolo,1,2,30,30,modelo_Monopolo_1ant,dset_c2_p30,21,0,20,120,111.792576021135,111.792576021135,111.792576021135,NaN,0,NaN,NaN,0,0,0,,monopolo|1|2|30
Monopolo,1,3,30,30,modelo_Monopolo_1ant,dset_c3_p30,21,0,20,120,116.39707432666,116.39707432666,116.39707432666,NaN,0,NaN,NaN,0,0,0,,monopolo|1|3|30
Monopolo,1,5,30,30,modelo_Monopolo_1ant,dset_c5_p30,21,0,20,120,142.675145647949,142.675145647949,142.675145647949,NaN,0,NaN,NaN,0,5,0,,monopolo|1|5|30
Monopolo,1,6,30,30,modelo_Monopolo_1ant,dset_c6_p30,21,0,20,120,112.972499663761,112.972499663761,112.972499663761,NaN,0,NaN,NaN,0,0,0,,monopolo|1|6|30
Monopolo,1,7,30,30,modelo_Monopolo_1ant,dset_c7_p30,21,0,20,120,114.922979936908,114.922979936908,114.922979936908,NaN,0,NaN,NaN,0,0,0,,monopolo|1|7|30
Monopolo,1,4,90,90,modelo_Monopolo_1ant,dset_c4_p90,21,0,20,120,116.036684888787,116.036684888787,116.036684888787,NaN,0,NaN,NaN,0,0,0,,monopolo|1|4|90
Monopolo,1,4,95,95,modelo_Monopolo_1ant,dset_c4_p95,21,0,20,120,113.773711924117,113.773711924117,113.773711924117,NaN,0,NaN,NaN,0,0,0,,monopolo|1|4|95
Monopolo,1,4,100,100,modelo_Monopolo_1ant,dset_c4_p100,21,0,20,120,112.849109105683,112.849109105683,112.849109105683,NaN,0,NaN,NaN,0,0,0,,monopolo|1|4|100
Monopolo,1,0,30,30,modelo_Monopolo_1ant,dset_c0_p30,21,0,20,500,330.470546280872,330.470546280872,330.470546280872,NaN,0,NaN,NaN,0,0,0,,monopolo|1|0|30
Monopolo,1,1,30,30,modelo_Monopolo_1ant,dset_c1_p30,21,0,20,120,142.533659837871,142.533659837871,142.533659837871,NaN,0,NaN,NaN,0,3,0,,monopolo|1|1|30
Monopolo,3,5,5,15,modelo_Monopolo_3ant,dset_c5_p5,21,0,20,120,102.976922836218,102.976922836218,102.976922836218,NaN,0,NaN,NaN,0,0,0,,monopolo|3|5|5
Monopolo,3,5,10,30,modelo_Monopolo_3ant,dset_c5_p10,21,0,20,120,119.282974384343,119.282974384343,119.282974384343,NaN,0,NaN,NaN,0,0,0,,monopolo|3|5|10
Monopolo,3,5,15,45,modelo_Monopolo_3ant,dset_c5_p15,21,0,20,120,123.934498081297,123.934498081297,123.934498081297,NaN,0,NaN,NaN,0,3,0,,monopolo|3|5|15
Monopolo,3,5,20,60,modelo_Monopolo_3ant,dset_c5_p20,21,0,20,120,131.44728511531,131.44728511531,131.44728511531,NaN,0,NaN,19,0,2,0,,monopolo|3|5|20
Monopolo,3,6,5,15,modelo_Monopolo_3ant,dset_c6_p5,21,0,20,120,128.827538268959,128.827538268959,128.827538268959,NaN,0,NaN,20,0,5,0,,monopolo|3|6|5
Monopolo,3,6,10,30,modelo_Monopolo_3ant,dset_c6_p10,21,0,20,120,143.581512528177,143.581512528177,143.581512528177,NaN,0,NaN,NaN,0,4,0,,monopolo|3|6|10
Monopolo,3,6,15,45,modelo_Monopolo_3ant,dset_c6_p15,21,0,20,120,116.867823957471,116.867823957471,116.867823957471,NaN,0,NaN,NaN,0,0,0,,monopolo|3|6|15
Monopolo,3,6,20,60,modelo_Monopolo_3ant,dset_c6_p20,21,0,20,120,112.849040506955,112.849040506955,112.849040506955,NaN,0,NaN,NaN,0,0,0,,monopolo|3|6|20
Monopolo,3,6,25,75,modelo_Monopolo_3ant,dset_c6_p25,21,0,20,120,112.785253065607,112.785253065607,112.785253065607,NaN,0,NaN,NaN,0,0,0,,monopolo|3|6|25
Monopolo,3,6,30,90,modelo_Monopolo_3ant,dset_c6_p30,21,0,20,120,115.080037702874,115.080037702874,115.080037702874,NaN,0,NaN,NaN,0,0,0,,monopolo|3|6|30
Monopolo,3,7,5,15,modelo_Monopolo_3ant,dset_c7_p5,21,0,20,120,108.422921598603,108.422921598603,108.422921598603,NaN,0,NaN,NaN,0,0,0,,monopolo|3|7|5
Monopolo,3,7,10,30,modelo_Monopolo_3ant,dset_c7_p10,21,0,20,120,118.026451944075,118.026451944075,118.026451944075,NaN,0,NaN,NaN,0,0,0,,monopolo|3|7|10
Monopolo,3,7,15,45,modelo_Monopolo_3ant,dset_c7_p15,21,0,20,120,133.266619653496,133.266619653496,133.266619653496,NaN,0,NaN,NaN,0,8,0,,monopolo|3|7|15
Monopolo,3,0,5,15,modelo_Monopolo_3ant,dset_c0_p5,21,0,20,500,106.038626711874,106.038626711874,106.038626711874,NaN,0,NaN,NaN,0,0,0,,monopolo|3|0|5
Monopolo,3,0,10,30,modelo_Monopolo_3ant,dset_c0_p10,21,0,20,500,174.951502060381,174.951502060381,174.951502060381,NaN,0,NaN,NaN,0,0,0,,monopolo|3|0|10
Monopolo,3,0,15,45,modelo_Monopolo_3ant,dset_c0_p15,21,0,20,500,243.871573845989,243.871573845989,243.871573845989,NaN,0,NaN,NaN,0,0,0,,monopolo|3|0|15
Monopolo,3,1,5,15,modelo_Monopolo_3ant,dset_c1_p5,21,0,20,120,112.230214472033,112.230214472033,112.230214472033,NaN,0,NaN,NaN,0,0,0,,monopolo|3|1|5
Monopolo,3,1,10,30,modelo_Monopolo_3ant,dset_c1_p10,21,0,20,120,123.244264694984,123.244264694984,123.244264694984,NaN,0,NaN,NaN,0,3,0,,monopolo|3|1|10
Monopolo,3,1,15,45,modelo_Monopolo_3ant,dset_c1_p15,21,0,20,120,130.722467695333,130.722467695333,130.722467695333,NaN,0,NaN,NaN,0,14,0,,monopolo|3|1|15
Monopolo,3,3,5,15,modelo_Monopolo_3ant,dset_c3_p5,21,0,20,120,116.12322234405,116.12322234405,116.12322234405,NaN,0,NaN,NaN,0,0,0,,monopolo|3|3|5
Monopolo,3,3,10,30,modelo_Monopolo_3ant,dset_c3_p10,21,0,20,120,132.041991091909,132.041991091909,132.041991091909,NaN,0,NaN,NaN,0,6,0,,monopolo|3|3|10
Monopolo,3,1,30,90,modelo_Monopolo_3ant,dset_c1_p30,21,0,20,120,137.438709588442,137.438709588442,137.438709588442,NaN,0,NaN,NaN,0,2,0,,monopolo|3|1|30
Monopolo,3,2,30,90,modelo_Monopolo_3ant,dset_c2_p30,21,0,20,120,114.878580439254,114.878580439254,114.878580439254,NaN,0,NaN,NaN,0,0,0,,monopolo|3|2|30
Monopolo,3,3,30,90,modelo_Monopolo_3ant,dset_c3_p30,21,0,20,120,114.749817857199,114.749817857199,114.749817857199,NaN,0,NaN,NaN,0,0,0,,monopolo|3|3|30
Monopolo,3,4,30,90,modelo_Monopolo_3ant,dset_c4_p30,21,0,20,120,113.661656615311,113.661656615311,113.661656615311,NaN,0,NaN,NaN,0,0,0,,monopolo|3|4|30
Monopolo,3,5,30,90,modelo_Monopolo_3ant,dset_c5_p30,21,0,20,120,133.60126986903,133.60126986903,133.60126986903,NaN,0,NaN,NaN,0,2,0,,monopolo|3|5|30
Monopolo,3,7,30,90,modelo_Monopolo_3ant,dset_c7_p30,21,0,20,120,132.312203271153,132.312203271153,132.312203271153,NaN,0,NaN,NaN,0,1,0,,monopolo|3|7|30
Monopolo,3,8,30,90,modelo_Monopolo_3ant,dset_c8_p30,21,0,20,120,115.135356019651,115.135356019651,115.135356019651,NaN,0,NaN,NaN,0,0,0,,monopolo|3|8|30
Monopolo,3,0,30,90,modelo_Monopolo_3ant,dset_c0_p30,21,0,20,500,453.639062613787,453.639062613787,453.639062613787,NaN,0,NaN,NaN,0,0,0,,monopolo|3|0|30
Monopolo,4,5,5,20,modelo_Monopolo_4ant,dset_c5_p5,21,0,20,120,104.219456428095,104.219456428095,104.219456428095,NaN,0,NaN,NaN,0,0,0,,monopolo|4|5|5
Monopolo,4,5,10,40,modelo_Monopolo_4ant,dset_c5_p10,21,0,20,120,117.096667232982,117.096667232982,117.096667232982,NaN,0,NaN,NaN,0,0,0,,monopolo|4|5|10
Monopolo,4,5,15,60,modelo_Monopolo_4ant,dset_c5_p15,21,0,20,120,126.706654519434,126.706654519434,126.706654519434,NaN,0,NaN,NaN,0,10,0,,monopolo|4|5|15
Monopolo,4,5,20,80,modelo_Monopolo_4ant,dset_c5_p20,21,0,20,120,133.676299525405,133.676299525405,133.676299525405,NaN,0,NaN,20,0,6,0,,monopolo|4|5|20
Monopolo,4,6,5,20,modelo_Monopolo_4ant,dset_c6_p5,21,0,20,120,139.864565318183,139.864565318183,139.864565318183,NaN,0,NaN,NaN,0,5,0,,monopolo|4|6|5
Monopolo,4,6,10,40,modelo_Monopolo_4ant,dset_c6_p10,21,0,20,120,126.574904000959,126.574904000959,126.574904000959,NaN,0,NaN,NaN,0,2,0,,monopolo|4|6|10
Monopolo,4,6,15,60,modelo_Monopolo_4ant,dset_c6_p15,21,0,20,120,117.486213538418,117.486213538418,117.486213538418,NaN,0,NaN,NaN,0,0,0,,monopolo|4|6|15
Monopolo,4,6,20,80,modelo_Monopolo_4ant,dset_c6_p20,21,0,20,120,110.297232030471,110.297232030471,110.297232030471,NaN,0,NaN,NaN,0,0,0,,monopolo|4|6|20
Monopolo,4,6,25,100,modelo_Monopolo_4ant,dset_c6_p25,21,0,20,120,112.026432485743,112.026432485743,112.026432485743,NaN,0,NaN,NaN,0,0,0,,monopolo|4|6|25
Monopolo,4,7,5,20,modelo_Monopolo_4ant,dset_c7_p5,21,0,20,120,104.748265918271,104.748265918271,104.748265918271,NaN,0,NaN,NaN,0,0,0,,monopolo|4|7|5
Monopolo,4,7,10,40,modelo_Monopolo_4ant,dset_c7_p10,21,0,20,120,119.487019584912,119.487019584912,119.487019584912,NaN,0,NaN,NaN,0,0,0,,monopolo|4|7|10
Monopolo,4,7,15,60,modelo_Monopolo_4ant,dset_c7_p15,21,0,20,120,131.504123055476,131.504123055476,131.504123055476,NaN,0,NaN,NaN,0,4,0,,monopolo|4|7|15
Monopolo,4,0,5,20,modelo_Monopolo_4ant,dset_c0_p5,21,0,20,500,105.507656757975,105.507656757975,105.507656757975,NaN,0,NaN,NaN,0,0,0,,monopolo|4|0|5
Monopolo,4,0,10,40,modelo_Monopolo_4ant,dset_c0_p10,21,0,20,500,173.71783666768,173.71783666768,173.71783666768,NaN,0,NaN,NaN,0,0,0,,monopolo|4|0|10
Monopolo,4,0,15,60,modelo_Monopolo_4ant,dset_c0_p15,21,0,20,500,241.973411064529,241.973411064529,241.973411064529,NaN,0,NaN,NaN,0,0,0,,monopolo|4|0|15
Monopolo,4,1,5,20,modelo_Monopolo_4ant,dset_c1_p5,21,0,20,120,110.452044215448,110.452044215448,110.452044215448,NaN,0,NaN,NaN,0,0,0,,monopolo|4|1|5
Monopolo,4,1,10,40,modelo_Monopolo_4ant,dset_c1_p10,21,0,20,120,126.972496387668,126.972496387668,126.972496387668,NaN,0,NaN,NaN,0,3,0,,monopolo|4|1|10
Monopolo,4,1,15,60,modelo_Monopolo_4ant,dset_c1_p15,21,0,20,120,132.222708423814,132.222708423814,132.222708423814,NaN,0,NaN,NaN,0,4,0,,monopolo|4|1|15
Monopolo,4,1,20,80,modelo_Monopolo_4ant,dset_c1_p20,21,0,20,120,135.202644041551,135.202644041551,135.202644041551,NaN,0,NaN,NaN,0,9,0,,monopolo|4|1|20
Monopolo,4,3,5,20,modelo_Monopolo_4ant,dset_c3_p5,21,0,20,120,115.98125601759,115.98125601759,115.98125601759,NaN,0,NaN,NaN,0,0,0,,monopolo|4|3|5
Monopolo,4,3,10,40,modelo_Monopolo_4ant,dset_c3_p10,21,0,20,120,121.780531347088,121.780531347088,121.780531347088,NaN,0,NaN,NaN,0,3,0,,monopolo|4|3|10
Monopolo,4,1,30,120,modelo_Monopolo_4ant,dset_c1_p30,21,0,20,120,130.010896830986,130.010896830986,130.010896830986,NaN,0,NaN,NaN,0,3,0,,monopolo|4|1|30
Monopolo,4,2,30,120,modelo_Monopolo_4ant,dset_c2_p30,21,0,20,120,114.017713401519,114.017713401519,114.017713401519,NaN,0,NaN,NaN,0,0,0,,monopolo|4|2|30
Monopolo,4,3,30,120,modelo_Monopolo_4ant,dset_c3_p30,21,0,20,120,122.293727746127,122.293727746127,122.293727746127,NaN,0,NaN,NaN,0,1,0,,monopolo|4|3|30
Monopolo,4,4,30,120,modelo_Monopolo_4ant,dset_c4_p30,21,0,20,120,114.112217649275,114.112217649275,114.112217649275,NaN,0,NaN,NaN,0,0,0,,monopolo|4|4|30
Monopolo,4,5,30,120,modelo_Monopolo_4ant,dset_c5_p30,21,0,20,120,135.374733008163,135.374733008163,135.374733008163,NaN,0,NaN,NaN,0,3,0,,monopolo|4|5|30
Monopolo,4,6,30,120,modelo_Monopolo_4ant,dset_c6_p30,21,0,20,120,111.311185527235,111.311185527235,111.311185527235,NaN,0,NaN,NaN,0,0,0,,monopolo|4|6|30
Monopolo,4,7,30,120,modelo_Monopolo_4ant,dset_c7_p30,21,0,20,120,119.419919054247,119.419919054247,119.419919054247,NaN,0,NaN,NaN,0,0,0,,monopolo|4|7|30
Monopolo,4,8,30,120,modelo_Monopolo_4ant,dset_c8_p30,21,0,20,120,114.320847306223,114.320847306223,114.320847306223,NaN,0,NaN,NaN,0,0,0,,monopolo|4|8|30
Monopolo,4,0,30,120,modelo_Monopolo_4ant,dset_c0_p30,21,0,20,500,451.722946464228,451.722946464228,451.722946464228,NaN,0,NaN,NaN,0,0,0,,monopolo|4|0|30
Un_slot,1,5,5,5,modelo_Un_slot_1ant,dset_c5_p5,21,0,20,120,101.211463975196,101.211463975196,101.211463975196,NaN,0,NaN,NaN,0,0,0,,un_slot|1|5|5
Un_slot,1,5,10,10,modelo_Un_slot_1ant,dset_c5_p10,21,0,20,120,114.080048554552,114.080048554552,114.080048554552,NaN,0,NaN,NaN,0,0,0,,un_slot|1|5|10
Un_slot,1,5,15,15,modelo_Un_slot_1ant,dset_c5_p15,21,0,20,120,126.273096072384,126.273096072384,126.273096072384,NaN,0,NaN,NaN,0,1,0,,un_slot|1|5|15
Un_slot,1,6,5,5,modelo_Un_slot_1ant,dset_c6_p5,21,0,20,120,112.524139120966,112.524139120966,112.524139120966,NaN,0,NaN,NaN,0,0,0,,un_slot|1|6|5
Un_slot,1,7,5,5,modelo_Un_slot_1ant,dset_c7_p5,21,0,20,120,102.211227511308,102.211227511308,102.211227511308,NaN,0,NaN,NaN,0,0,0,,un_slot|1|7|5
Un_slot,1,7,10,10,modelo_Un_slot_1ant,dset_c7_p10,21,0,20,120,110.34379497934,110.34379497934,110.34379497934,NaN,0,NaN,NaN,0,0,0,,un_slot|1|7|10
Un_slot,1,0,5,5,modelo_Un_slot_1ant,dset_c0_p5,21,0,20,500,100.417189806524,100.417189806524,100.417189806524,NaN,0,NaN,NaN,0,0,0,,un_slot|1|0|5
Un_slot,1,0,10,10,modelo_Un_slot_1ant,dset_c0_p10,21,0,20,500,163.79333773206,163.79333773206,163.79333773206,NaN,0,NaN,NaN,0,0,0,,un_slot|1|0|10
Un_slot,1,3,5,5,modelo_Un_slot_1ant,dset_c3_p5,21,0,20,120,110.883161817168,110.883161817168,110.883161817168,NaN,0,NaN,NaN,0,0,0,,un_slot|1|3|5
Un_slot,1,3,10,10,modelo_Un_slot_1ant,dset_c3_p10,21,0,20,120,119.955077659183,119.955077659183,119.955077659183,NaN,0,NaN,NaN,0,0,0,,un_slot|1|3|10
Un_slot,2,5,5,10,modelo_Un_slot_2ant,dset_c5_p5,21,0,20,120,105.416444296499,105.416444296499,105.416444296499,NaN,0,NaN,NaN,0,0,0,,un_slot|2|5|5
Un_slot,2,5,10,20,modelo_Un_slot_2ant,dset_c5_p10,21,0,20,120,120.700999038054,120.700999038054,120.700999038054,NaN,0,NaN,NaN,0,1,0,,un_slot|2|5|10
Un_slot,2,5,15,30,modelo_Un_slot_2ant,dset_c5_p15,21,0,20,120,121.604513566606,121.604513566606,121.604513566606,NaN,0,NaN,NaN,0,2,0,,un_slot|2|5|15
Un_slot,2,7,5,10,modelo_Un_slot_2ant,dset_c7_p5,21,0,20,120,106.259212224978,106.259212224978,106.259212224978,NaN,0,NaN,NaN,0,0,0,,un_slot|2|7|5
Un_slot,2,7,10,20,modelo_Un_slot_2ant,dset_c7_p10,21,0,20,120,116.069922866611,116.069922866611,116.069922866611,NaN,0,NaN,NaN,0,0,0,,un_slot|2|7|10
Un_slot,2,0,5,10,modelo_Un_slot_2ant,dset_c0_p5,21,0,20,500,109.707038228872,109.707038228872,109.707038228872,NaN,0,NaN,NaN,0,0,0,,un_slot|2|0|5
Un_slot,2,0,10,20,modelo_Un_slot_2ant,dset_c0_p10,21,0,20,500,182.323609085652,182.323609085652,182.323609085652,NaN,0,NaN,NaN,0,0,0,,un_slot|2|0|10
Un_slot,2,3,5,10,modelo_Un_slot_2ant,dset_c3_p5,21,0,20,120,113.255764479402,113.255764479402,113.255764479402,NaN,0,NaN,NaN,0,0,0,,un_slot|2|3|5
Un_slot,2,3,10,20,modelo_Un_slot_2ant,dset_c3_p10,21,0,20,120,120.377500400397,120.377500400397,120.377500400397,NaN,0,NaN,NaN,0,1,0,,un_slot|2|3|10
Un_slot,2,4,5,10,modelo_Un_slot_2ant,dset_c4_p5,21,0,20,120,127.053350519591,127.053350519591,127.053350519591,NaN,0,NaN,NaN,0,1,0,,un_slot|2|4|5
Un_slot,2,4,10,20,modelo_Un_slot_2ant,dset_c4_p10,21,0,20,120,112.451710194864,112.451710194864,112.451710194864,NaN,0,NaN,NaN,0,0,0,,un_slot|2|4|10
Un_slot,2,4,15,30,modelo_Un_slot_2ant,dset_c4_p15,21,0,20,120,112.881323262107,112.881323262107,112.881323262107,NaN,0,NaN,NaN,0,0,0,,un_slot|2|4|15
Un_slot,2,4,20,40,modelo_Un_slot_2ant,dset_c4_p20,21,0,20,120,118.836282204181,118.836282204181,118.836282204181,NaN,0,NaN,NaN,0,0,0,,un_slot|2|4|20
Un_slot,2,4,25,50,modelo_Un_slot_2ant,dset_c4_p25,21,0,20,120,121.24755338993,121.24755338993,121.24755338993,NaN,0,NaN,NaN,0,1,0,,un_slot|2|4|25
Un_slot,2,4,30,60,modelo_Un_slot_2ant,dset_c4_p30,21,0,20,120,112.2005408787,112.2005408787,112.2005408787,NaN,0,NaN,NaN,0,0,0,,un_slot|2|4|30
Un_slot,2,4,35,70,modelo_Un_slot_2ant,dset_c4_p35,21,0,20,120,111.716381579938,111.716381579938,111.716381579938,NaN,0,NaN,NaN,0,0,0,,un_slot|2|4|35
Un_slot,2,4,40,80,modelo_Un_slot_2ant,dset_c4_p40,21,0,20,120,109.954534574267,109.954534574267,109.954534574267,NaN,0,NaN,NaN,0,0,0,,un_slot|2|4|40
Un_slot,2,4,45,90,modelo_Un_slot_2ant,dset_c4_p45,21,0,20,120,139.350198151297,139.350198151297,139.350198151297,NaN,0,NaN,NaN,0,3,0,,un_slot|2|4|45
Un_slot,2,4,50,100,modelo_Un_slot_2ant,dset_c4_p50,21,0,20,120,123.074984169503,123.074984169503,123.074984169503,NaN,0,NaN,NaN,0,2,0,,un_slot|2|4|50
Un_slot,3,5,5,15,modelo_Un_slot_3ant,dset_c5_p5,21,0,20,120,108.326373792921,108.326373792921,108.326373792921,NaN,0,NaN,NaN,0,0,0,,un_slot|3|5|5
Un_slot,3,5,10,30,modelo_Un_slot_3ant,dset_c5_p10,21,0,20,120,118.588462603632,118.588462603632,118.588462603632,NaN,0,NaN,NaN,0,0,0,,un_slot|3|5|10
Un_slot,3,5,15,45,modelo_Un_slot_3ant,dset_c5_p15,21,0,20,120,131.108763192035,131.108763192035,131.108763192035,NaN,0,NaN,NaN,0,3,0,,un_slot|3|5|15
Un_slot,3,7,5,15,modelo_Un_slot_3ant,dset_c7_p5,21,0,20,120,109.090477831669,109.090477831669,109.090477831669,NaN,0,NaN,NaN,0,0,0,,un_slot|3|7|5
Un_slot,3,7,10,30,modelo_Un_slot_3ant,dset_c7_p10,21,0,20,120,114.888723498188,114.888723498188,114.888723498188,NaN,0,NaN,NaN,0,0,0,,un_slot|3|7|10
Un_slot,3,8,5,15,modelo_Un_slot_3ant,dset_c8_p5,21,0,20,120,123.029770362589,123.029770362589,123.029770362589,NaN,0,NaN,NaN,0,1,0,,un_slot|3|8|5
Un_slot,3,8,10,30,modelo_Un_slot_3ant,dset_c8_p10,21,0,20,120,111.709689413834,111.709689413834,111.709689413834,NaN,0,NaN,NaN,0,0,0,,un_slot|3|8|10
Un_slot,3,8,15,45,modelo_Un_slot_3ant,dset_c8_p15,21,0,20,120,113.878918925426,113.878918925426,113.878918925426,NaN,0,NaN,NaN,0,0,0,,un_slot|3|8|15
Un_slot,3,8,20,60,modelo_Un_slot_3ant,dset_c8_p20,21,0,20,120,110.560721508711,110.560721508711,110.560721508711,NaN,0,NaN,NaN,0,0,0,,un_slot|3|8|20
Un_slot,3,8,25,75,modelo_Un_slot_3ant,dset_c8_p25,21,0,20,120,115.229261005998,115.229261005998,115.229261005998,NaN,0,NaN,NaN,0,0,0,,un_slot|3|8|25
Un_slot,3,8,30,90,modelo_Un_slot_3ant,dset_c8_p30,21,0,20,120,109.367448059237,109.367448059237,109.367448059237,NaN,0,NaN,NaN,0,0,0,,un_slot|3|8|30
Un_slot,3,0,5,15,modelo_Un_slot_3ant,dset_c0_p5,21,0,20,500,121.030784565562,121.030784565562,121.030784565562,NaN,0,NaN,NaN,0,0,0,,un_slot|3|0|5
Un_slot,3,0,10,30,modelo_Un_slot_3ant,dset_c0_p10,21,0,20,500,204.969373874784,204.969373874784,204.969373874784,NaN,0,NaN,NaN,0,0,0,,un_slot|3|0|10
Un_slot,3,3,5,15,modelo_Un_slot_3ant,dset_c3_p5,21,0,20,120,117.712683723911,117.712683723911,117.712683723911,NaN,0,NaN,NaN,0,0,0,,un_slot|3|3|5
Un_slot,3,3,10,30,modelo_Un_slot_3ant,dset_c3_p10,21,0,20,120,127.881323271182,127.881323271182,127.881323271182,NaN,0,NaN,19,0,2,0,,un_slot|3|3|10
Un_slot,3,3,15,45,modelo_Un_slot_3ant,dset_c3_p15,21,0,20,120,141.676576433369,141.676576433369,141.676576433369,NaN,0,NaN,NaN,0,3,0,,un_slot|3|3|15
Un_slot,4,5,5,20,modelo_Un_slot_4ant,dset_c5_p5,21,0,20,120,106.941071904067,106.941071904067,106.941071904067,NaN,0,NaN,NaN,0,0,0,,un_slot|4|5|5
Un_slot,4,5,10,40,modelo_Un_slot_4ant,dset_c5_p10,21,0,20,120,117.469538577453,117.469538577453,117.469538577453,NaN,0,NaN,NaN,0,0,0,,un_slot|4|5|10
Un_slot,4,5,15,60,modelo_Un_slot_4ant,dset_c5_p15,21,0,20,120,124.955302733357,124.955302733357,124.955302733357,NaN,0,NaN,NaN,0,3,0,,un_slot|4|5|15
Un_slot,4,7,5,20,modelo_Un_slot_4ant,dset_c7_p5,21,0,20,120,108.382575827823,108.382575827823,108.382575827823,NaN,0,NaN,NaN,0,0,0,,un_slot|4|7|5
Un_slot,4,7,10,40,modelo_Un_slot_4ant,dset_c7_p10,21,0,20,120,124.915022525226,124.915022525226,124.915022525226,NaN,0,NaN,NaN,0,2,0,,un_slot|4|7|10
Un_slot,4,0,5,20,modelo_Un_slot_4ant,dset_c0_p5,21,0,20,500,118.208882608546,118.208882608546,118.208882608546,NaN,0,NaN,NaN,0,0,0,,un_slot|4|0|5
Un_slot,4,0,10,40,modelo_Un_slot_4ant,dset_c0_p10,21,0,20,500,199.315418046111,199.315418046111,199.315418046111,NaN,0,NaN,NaN,0,0,0,,un_slot|4|0|10
Un_slot,4,3,5,20,modelo_Un_slot_4ant,dset_c3_p5,21,0,20,120,118.678124432286,118.678124432286,118.678124432286,NaN,0,NaN,NaN,0,0,0,,un_slot|4|3|5
Un_slot,4,3,10,40,modelo_Un_slot_4ant,dset_c3_p10,21,0,20,120,131.45426990178,131.45426990178,131.45426990178,NaN,0,NaN,NaN,0,2,0,,un_slot|4|3|10
Un_slot,4,3,15,60,modelo_Un_slot_4ant,dset_c3_p15,21,0,20,120,119.605846543544,119.605846543544,119.605846543544,NaN,0,NaN,NaN,0,0,0,,un_slot|4|3|15
Un_slot,4,3,20,80,modelo_Un_slot_4ant,dset_c3_p20,21,0,20,120,140.671354584036,140.671354584036,140.671354584036,NaN,0,NaN,NaN,0,1,0,,un_slot|4|3|20
Un_slot,4,3,25,100,modelo_Un_slot_4ant,dset_c3_p25,21,0,20,120,113.614718635791,113.614718635791,113.614718635791,NaN,0,NaN,NaN,0,0,0,,un_slot|4|3|25
