"Tipo","Antenas","Caso","Potencia","Tmax","Ruta"
"Doble_slot","1","0","10","149.3896","Doble_slot\1ant\Caso_0\Potencia_10W\Registro_Sondas_Temperatura.txt"
"Doble_slot","1","0","5","93.2153","Doble_slot\1ant\Caso_0\Potencia_5W\Registro_Sondas_Temperatura.txt"
"Doble_slot","1","1","10","113.5592","Doble_slot\1ant\Caso_1\Potencia_10W\Registro_Sondas_Temperatura.txt"
"Doble_slot","1","1","5","102.3047","Doble_slot\1ant\Caso_1\Potencia_5W\Registro_Sondas_Temperatura.txt"
"Doble_slot","1","3","10","118.7544","Doble_slot\1ant\Caso_3\Potencia_10W\Registro_Sondas_Temperatura.txt"
"Doble_slot","1","3","15","109.4287","Doble_slot\1ant\Caso_3\Potencia_15W\Registro_Sondas_Temperatura.txt"
"Doble_slot","1","3","20","113.3246","Doble_slot\1ant\Caso_3\Potencia_20W\Registro_Sondas_Temperatura.txt"
"Doble_slot","1","3","5","106.3368","Doble_slot\1ant\Caso_3\Potencia_5W\Registro_Sondas_Temperatura.txt"
"Doble_slot","2","0","10","142.1017","Doble_slot\2ant\Caso_0\Potencia_10W\Registro_Sondas_Temperatura.txt"
"Doble_slot","2","0","5","89.6154","Doble_slot\2ant\Caso_0\Potencia_5W\Registro_Sondas_Temperatura.txt"
"Doble_slot","2","1","10","103.9855","Doble_slot\2ant\Caso_1\Potencia_10W\Registro_Sondas_Temperatura.txt"
"Doble_slot","2","1","5","102.0383","Doble_slot\2ant\Caso_1\Potencia_5W\Registro_Sondas_Temperatura.txt"
"Doble_slot","2","3","10","103.6223","Doble_slot\2ant\Caso_3\Potencia_10W\Registro_Sondas_Temperatura.txt"
"Doble_slot","2","3","15","105.2399","Doble_slot\2ant\Caso_3\Potencia_15W\Registro_Sondas_Temperatura.txt"
"Doble_slot","2","3","20","105.7477","Doble_slot\2ant\Caso_3\Potencia_20W\Registro_Sondas_Temperatura.txt"
"Doble_slot","2","3","25","105.8918","Doble_slot\2ant\Caso_3\Potencia_25W\Registro_Sondas_Temperatura.txt"
"Doble_slot","2","3","30","106.4684","Doble_slot\2ant\Caso_3\Potencia_30W\Registro_Sondas_Temperatura.txt"
"Doble_slot","2","3","35","106.7203","Doble_slot\2ant\Caso_3\Potencia_35W\Registro_Sondas_Temperatura.txt"
"Doble_slot","2","3","40","108.8256","Doble_slot\2ant\Caso_3\Potencia_40W\Registro_Sondas_Temperatura.txt"
"Doble_slot","2","3","45","107.6554","Doble_slot\2ant\Caso_3\Potencia_45W\Registro_Sondas_Temperatura.txt"
"Doble_slot","2","3","50","108.9732","Doble_slot\2ant\Caso_3\Potencia_50W\Registro_Sondas_Temperatura.txt"
"Doble_slot","2","3","5","103.2631","Doble_slot\2ant\Caso_3\Potencia_5W\Registro_Sondas_Temperatura.txt"
"Doble_slot","3","0","10","181.8691","Doble_slot\3ant\Caso_0\Potencia_10W\Registro_Sondas_Temperatura.txt"
"Doble_slot","3","0","5","109.5025","Doble_slot\3ant\Caso_0\Potencia_5W\Registro_Sondas_Temperatura.txt"
"Doble_slot","3","1","10","117.3294","Doble_slot\3ant\Caso_1\Potencia_10W\Registro_Sondas_Temperatura.txt"
"Doble_slot","3","1","5","106.1522","Doble_slot\3ant\Caso_1\Potencia_5W\Registro_Sondas_Temperatura.txt"
"Doble_slot","3","3","10","107.7283","Doble_slot\3ant\Caso_3\Potencia_10W\Registro_Sondas_Temperatura.txt"
"Doble_slot","3","3","15","105.1149","Doble_slot\3ant\Caso_3\Potencia_15W\Registro_Sondas_Temperatura.txt"
"Doble_slot","3","3","20","105.754","Doble_slot\3ant\Caso_3\Potencia_20W\Registro_Sondas_Temperatura.txt"
"Doble_slot","3","3","25","108.2076","Doble_slot\3ant\Caso_3\Potencia_25W\Registro_Sondas_Temperatura.txt"
"Doble_slot","3","3","30","105.798","Doble_slot\3ant\Caso_3\Potencia_30W\Registro_Sondas_Temperatura.txt"
"Doble_slot","3","3","5","106.7172","Doble_slot\3ant\Caso_3\Potencia_5W\Registro_Sondas_Temperatura.txt"
"Doble_slot","4","0","10","181.5809","Doble_slot\4ant\Caso_0\Potencia_10W\Registro_Sondas_Temperatura.txt"
"Doble_slot","4","0","5","109.36","Doble_slot\4ant\Caso_0\Potencia_5W\Registro_Sondas_Temperatura.txt"
"Doble_slot","4","1","10","115.3187","Doble_slot\4ant\Caso_1\Potencia_10W\Registro_Sondas_Temperatura.txt"
"Doble_slot","4","1","5","105.8058","Doble_slot\4ant\Caso_1\Potencia_5W\Registro_Sondas_Temperatura.txt"
"Doble_slot","4","3","10","108.8633","Doble_slot\4ant\Caso_3\Potencia_10W\Registro_Sondas_Temperatura.txt"
"Doble_slot","4","3","5","111.9175","Doble_slot\4ant\Caso_3\Potencia_5W\Registro_Sondas_Temperatura.txt"
"Monopolo","1","0","10","126.6398","Monopolo\1ant\Caso_0\Potencia_10W\Registro_Sondas_Temperatura.txt"
"Monopolo","1","0","15","171.3913","Monopolo\1ant\Caso_0\Potencia_15W\Registro_Sondas_Temperatura.txt"
"Monopolo","1","0","30","307.2903","Monopolo\1ant\Caso_0\Potencia_30W\Registro_Sondas_Temperatura.txt"
"Monopolo","1","0","5","81.8901","Monopolo\1ant\Caso_0\Potencia_5W\Registro_Sondas_Temperatura.txt"
"Monopolo","1","1","10","109.5637","Monopolo\1ant\Caso_1\Potencia_10W\Registro_Sondas_Temperatura.txt"
"Monopolo","1","1","15","116.5911","Monopolo\1ant\Caso_1\Potencia_15W\Registro_Sondas_Temperatura.txt"
"Monopolo","1","1","5","99.5493","Monopolo\1ant\Caso_1\Potencia_5W\Registro_Sondas_Temperatura.txt"
"Monopolo","1","2","30","106.3353","Monopolo\1ant\Caso_2\Potencia_30W\Registro_Sondas_Temperatura.txt"
"Monopolo","1","3","10","111.8358","Monopolo\1ant\Caso_3\Potencia_10W\Registro_Sondas_Temperatura.txt"
"Monopolo","1","3","15","113.9192","Monopolo\1ant\Caso_3\Potencia_15W\Registro_Sondas_Temperatura.txt"
"Monopolo","1","3","30","109.9734","Monopolo\1ant\Caso_3\Potencia_30W\Registro_Sondas_Temperatura.txt"
"Monopolo","1","3","5","104.6585","Monopolo\1ant\Caso_3\Potencia_5W\Registro_Sondas_Temperatura.txt"
"Monopolo","1","4","10","106.9619","Monopolo\1ant\Caso_4\Potencia_10W\Registro_Sondas_Temperatura.txt"
"Monopolo","1","4","15","111.3143","Monopolo\1ant\Caso_4\Potencia_15W\Registro_Sondas_Temperatura.txt"
"Monopolo","1","4","20","110.4287","Monopolo\1ant\Caso_4\Potencia_20W\Registro_Sondas_Temperatura.txt"
"Monopolo","1","4","25","106.149","Monopolo\1ant\Caso_4\Potencia_25W\Registro_Sondas_Temperatura.txt"
"Monopolo","1","4","30","106.8984","Monopolo\1ant\Caso_4\Potencia_30W\Registro_Sondas_Temperatura.txt"
"Monopolo","1","4","35","106.8067","Monopolo\1ant\Caso_4\Potencia_35W\Registro_Sondas_Temperatura.txt"
"Monopolo","1","4","40","105.9409","Monopolo\1ant\Caso_4\Potencia_40W\Registro_Sondas_Temperatura.txt"
"Monopolo","1","4","45","105.8527","Monopolo\1ant\Caso_4\Potencia_45W\Registro_Sondas_Temperatura.txt"
"Monopolo","1","4","50","106.9704","Monopolo\1ant\Caso_4\Potencia_50W\Registro_Sondas_Temperatura.txt"
"Monopolo","1","4","55","105.5647","Monopolo\1ant\Caso_4\Potencia_55W\Registro_Sondas_Temperatura.txt"
"Monopolo","1","4","5","110.6311","Monopolo\1ant\Caso_4\Potencia_5W\Registro_Sondas_Temperatura.txt"
"Monopolo","1","4","60","106.7173","Monopolo\1ant\Caso_4\Potencia_60W\Registro_Sondas_Temperatura.txt"
"Monopolo","1","4","65","106.0022","Monopolo\1ant\Caso_4\Potencia_65W\Registro_Sondas_Temperatura.txt"
"Monopolo","1","4","70","106.4599","Monopolo\1ant\Caso_4\Potencia_70W\Registro_Sondas_Temperatura.txt"
"Monopolo","1","4","75","108.8163","Monopolo\1ant\Caso_4\Potencia_75W\Registro_Sondas_Temperatura.txt"
"Monopolo","1","4","80","104.8894","Monopolo\1ant\Caso_4\Potencia_80W\Registro_Sondas_Temperatura.txt"
"Monopolo","1","4","85","112.3366","Monopolo\1ant\Caso_4\Potencia_85W\Registro_Sondas_Temperatura.txt"
"Monopolo","1","5","30","119.914","Monopolo\1ant\Caso_5\Potencia_30W\Registro_Sondas_Temperatura.txt"
"Monopolo","1","6","30","106.3828","Monopolo\1ant\Caso_6\Potencia_30W\Registro_Sondas_Temperatura.txt"
"Monopolo","1","7","30","109.8319","Monopolo\1ant\Caso_7\Potencia_30W\Registro_Sondas_Temperatura.txt"
"Monopolo","1","8","30","105.7813","Monopolo\1ant\Caso_8\Potencia_30W\Registro_Sondas_Temperatura.txt"
"Monopolo","2","0","30","327.7336","Monopolo\2ant\Caso_0\Potencia_30W\Registro_Sondas_Temperatura.txt"
"Monopolo","2","1","30","104.8707","Monopolo\2ant\Caso_1\Potencia_30W\Registro_Sondas_Temperatura.txt"
"Monopolo","2","2","30","105.1066","Monopolo\2ant\Caso_2\Potencia_30W\Registro_Sondas_Temperatura.txt"
"Monopolo","2","3","10","109.2978","Monopolo\2ant\Caso_3\Potencia_10W\Registro_Sondas_Temperatura.txt"
"Monopolo","2","3","15","109.9759","Monopolo\2ant\Caso_3\Potencia_15W\Registro_Sondas_Temperatura.txt"
"Monopolo","2","3","30","105.9413","Monopolo\2ant\Caso_3\Potencia_30W\Registro_Sondas_Temperatura.txt"
"Monopolo","2","3","5","106.7296","Monopolo\2ant\Caso_3\Potencia_5W\Registro_Sondas_Temperatura.txt"
"Monopolo","2","4","30","106.2106","Monopolo\2ant\Caso_4\Potencia_30W\Registro_Sondas_Temperatura.txt"
"Monopolo","2","5","30","106.3606","Monopolo\2ant\Caso_5\Potencia_30W\Registro_Sondas_Temperatura.txt"
"Monopolo","2","6","30","103.0971","Monopolo\2ant\Caso_6\Potencia_30W\Registro_Sondas_Temperatura.txt"
"Monopolo","2","7","30","105.4677","Monopolo\2ant\Caso_7\Potencia_30W\Registro_Sondas_Temperatura.txt"
"Monopolo","2","8","30","103.9864","Monopolo\2ant\Caso_8\Potencia_30W\Registro_Sondas_Temperatura.txt"
"Monopolo","3","0","10","160.1841","Monopolo\3ant\Caso_0\Potencia_10W\Registro_Sondas_Temperatura.txt"
"Monopolo","3","0","15","243.3259","Monopolo\3ant\Caso_0\Potencia_15W\Registro_Sondas_Temperatura.txt"
"Monopolo","3","0","30","453.0452","Monopolo\3ant\Caso_0\Potencia_30W\Registro_Sondas_Temperatura.txt"
"Monopolo","3","0","5","105.8773","Monopolo\3ant\Caso_0\Potencia_5W\Registro_Sondas_Temperatura.txt"
"Monopolo","3","1","10","116.4599","Monopolo\3ant\Caso_1\Potencia_10W\Registro_Sondas_Temperatura.txt"
"Monopolo","3","1","15","116.648","Monopolo\3ant\Caso_1\Potencia_15W\Registro_Sondas_Temperatura.txt"
"Monopolo","3","1","30","107.265","Monopolo\3ant\Caso_1\Potencia_30W\Registro_Sondas_Temperatura.txt"
"Monopolo","3","1","5","112.3622","Monopolo\3ant\Caso_1\Potencia_5W\Registro_Sondas_Temperatura.txt"
"Monopolo","3","2","30","104.7783","Monopolo\3ant\Caso_2\Potencia_30W\Registro_Sondas_Temperatura.txt"
"Monopolo","3","3","10","110.2073","Monopolo\3ant\Caso_3\Potencia_10W\Registro_Sondas_Temperatura.txt"
"Monopolo","3","3","30","106.8725","Monopolo\3ant\Caso_3\Potencia_30W\Registro_Sondas_Temperatura.txt"
"Monopolo","3","3","5","115.3169","Monopolo\3ant\Caso_3\Potencia_5W\Registro_Sondas_Temperatura.txt"
"Monopolo","3","4","30","106.215","Monopolo\3ant\Caso_4\Potencia_30W\Registro_Sondas_Temperatura.txt"
"Monopolo","3","5","30","110.7322","Monopolo\3ant\Caso_5\Potencia_30W\Registro_Sondas_Temperatura.txt"
"Monopolo","3","6","30","105.3212","Monopolo\3ant\Caso_6\Potencia_30W\Registro_Sondas_Temperatura.txt"
"Monopolo","3","7","30","108.0359","Monopolo\3ant\Caso_7\Potencia_30W\Registro_Sondas_Temperatura.txt"
"Monopolo","3","8","30","114.4246","Monopolo\3ant\Caso_8\Potencia_30W\Registro_Sondas_Temperatura.txt"
"Monopolo","4","0","10","174.6453","Monopolo\4ant\Caso_0\Potencia_10W\Registro_Sondas_Temperatura.txt"
"Monopolo","4","0","15","243.3647","Monopolo\4ant\Caso_0\Potencia_15W\Registro_Sondas_Temperatura.txt"
"Monopolo","4","0","30","454.5068","Monopolo\4ant\Caso_0\Potencia_30W\Registro_Sondas_Temperatura.txt"
"Monopolo","4","0","5","105.9714","Monopolo\4ant\Caso_0\Potencia_5W\Registro_Sondas_Temperatura.txt"
"Monopolo","4","1","10","114.9107","Monopolo\4ant\Caso_1\Potencia_10W\Registro_Sondas_Temperatura.txt"
"Monopolo","4","1","15","113.6531","Monopolo\4ant\Caso_1\Potencia_15W\Registro_Sondas_Temperatura.txt"
"Monopolo","4","1","20","107.788","Monopolo\4ant\Caso_1\Potencia_20W\Registro_Sondas_Temperatura.txt"
"Monopolo","4","1","30","105.9397","Monopolo\4ant\Caso_1\Potencia_30W\Registro_Sondas_Temperatura.txt"
"Monopolo","4","1","5","110.0928","Monopolo\4ant\Caso_1\Potencia_5W\Registro_Sondas_Temperatura.txt"
"Monopolo","4","2","30","107.2339","Monopolo\4ant\Caso_2\Potencia_30W\Registro_Sondas_Temperatura.txt"
"Monopolo","4","3","10","115.6403","Monopolo\4ant\Caso_3\Potencia_10W\Registro_Sondas_Temperatura.txt"
"Monopolo","4","3","30","106.8684","Monopolo\4ant\Caso_3\Potencia_30W\Registro_Sondas_Temperatura.txt"
"Monopolo","4","3","5","116.2527","Monopolo\4ant\Caso_3\Potencia_5W\Registro_Sondas_Temperatura.txt"
"Monopolo","4","4","30","113.6176","Monopolo\4ant\Caso_4\Potencia_30W\Registro_Sondas_Temperatura.txt"
"Monopolo","4","5","30","112.3802","Monopolo\4ant\Caso_5\Potencia_30W\Registro_Sondas_Temperatura.txt"
"Monopolo","4","6","30","105.1661","Monopolo\4ant\Caso_6\Potencia_30W\Registro_Sondas_Temperatura.txt"
"Monopolo","4","7","30","106.1946","Monopolo\4ant\Caso_7\Potencia_30W\Registro_Sondas_Temperatura.txt"
"Monopolo","4","8","30","106.7546","Monopolo\4ant\Caso_8\Potencia_30W\Registro_Sondas_Temperatura.txt"
"Un_slot","1","0","10","158.2101","Un_slot\1ant\Caso_0\Potencia_10W\Registro_Sondas_Temperatura.txt"
"Un_slot","1","0","5","97.6256","Un_slot\1ant\Caso_0\Potencia_5W\Registro_Sondas_Temperatura.txt"
"Un_slot","1","3","10","115.8756","Un_slot\1ant\Caso_3\Potencia_10W\Registro_Sondas_Temperatura.txt"
"Un_slot","1","3","5","107.9502","Un_slot\1ant\Caso_3\Potencia_5W\Registro_Sondas_Temperatura.txt"
"Un_slot","2","0","10","142.8121","Un_slot\2ant\Caso_0\Potencia_10W\Registro_Sondas_Temperatura.txt"
"Un_slot","2","0","5","89.9732","Un_slot\2ant\Caso_0\Potencia_5W\Registro_Sondas_Temperatura.txt"
"Un_slot","2","3","10","104.6792","Un_slot\2ant\Caso_3\Potencia_10W\Registro_Sondas_Temperatura.txt"
"Un_slot","2","3","5","102.9418","Un_slot\2ant\Caso_3\Potencia_5W\Registro_Sondas_Temperatura.txt"
"Un_slot","3","0","10","180.4332","Un_slot\3ant\Caso_0\Potencia_10W\Registro_Sondas_Temperatura.txt"
"Un_slot","3","0","5","108.7855","Un_slot\3ant\Caso_0\Potencia_5W\Registro_Sondas_Temperatura.txt"
"Un_slot","3","3","10","104.465","Un_slot\3ant\Caso_3\Potencia_10W\Registro_Sondas_Temperatura.txt"
"Un_slot","3","3","15","105.279","Un_slot\3ant\Caso_3\Potencia_15W\Registro_Sondas_Temperatura.txt"
"Un_slot","3","3","5","108.6603","Un_slot\3ant\Caso_3\Potencia_5W\Registro_Sondas_Temperatura.txt"
"Un_slot","4","0","10","180.1501","Un_slot\4ant\Caso_0\Potencia_10W\Registro_Sondas_Temperatura.txt"
"Un_slot","4","0","5","108.6434","Un_slot\4ant\Caso_0\Potencia_5W\Registro_Sondas_Temperatura.txt"
"Un_slot","4","3","10","104.1423","Un_slot\4ant\Caso_3\Potencia_10W\Registro_Sondas_Temperatura.txt"
"Un_slot","4","3","15","106.2082","Un_slot\4ant\Caso_3\Potencia_15W\Registro_Sondas_Temperatura.txt"
"Un_slot","4","3","5","104.1661","Un_slot\4ant\Caso_3\Potencia_5W\Registro_Sondas_Temperatura.txt"
