0, 31.89, 32.22, 34.94, 31.37
1, 32.03, 32.47, 35.21, 30.53
2, 32.09, 32.47, 35.25, 30.61
3, 31.84, 32.4, 35.3, 31.39
4, 32.28, 32.43, 35.22, 31.64
5, 32.23, 32.27, 35.65, 30.99
6, 31.91, 32.26, 35.41, 31.45
7, 31.81, 32.43, 36.06, 30.58
8, 32.08, 32.4, 35.73, 31.59
9, 31.96, 32.43, 35.62, 32.11
10, 31.95, 32.36, 35.88, 30.77
11, 32.04, 32.11, 35.52, 31.13
12, 32.08, 32.11, 34.99, 30.9
13, 32.06, 32.5, 34.99, 31.41
14, 32.14, 32.45, 34.15, 31.03
15, 31.7, 32.38, 35.37, 31.23
16, 31.86, 32.35, 35.43, 30.99
17, 31.93, 32.41, 35.82, 31.02
18, 31.84, 32.66, 35.6, 30.28
19, 32.26, 32.66, 36.08, 31.23
20, 32.04, 32.91, 36.95, 31.6
21, 32.05, 33.13, 36.29, 31.51
22, 32.05, 33.43, 36.65, 32.41
23, 32.47, 33.58, 37.64, 32.56
24, 32.45, 33.38, 37.96, 33.43
25, 32.47, 33.89, 38.87, 32.96
26, 32.77, 33.81, 39.42, 32.74
27, 32.85, 34.22, 38.72, 33.24
28, 32.92, 34.21, 39.14, 33.87
29, 32.99, 34.39, 39.27, 34.66
30, 33.06, 34.93, 39.74, 34.03
31, 33.13, 34.75, 40.19, 35.41
32, 33.21, 35, 40.77, 35.56
33, 33.45, 35.43, 40.8, 35.96
34, 33.1, 35.58, 41.32, 35.44
35, 33.44, 35.61, 41.85, 36.51
36, 33.52, 35.71, 42.4, 37.15
37, 33.96, 36.07, 42.05, 37.52
38, 33.71, 35.81, 43.25, 37.86
39, 33.66, 36.58, 43.61, 38.35
40, 34.37, 36.83, 43.57, 37.94
41, 34.31, 36.74, 44.4, 38.4
42, 34.47, 37.15, 44.43, 39.48
43, 34.61, 37.35, 45.05, 41.4
44, 34.6, 37.68, 45.46, 40.79
45, 34.79, 37.95, 46.15, 41.97
46, 34.7, 38.06, 46.62, 42.51
47, 34.85, 38.68, 46.88, 41.95
48, 34.98, 39.36, 47.43, 42.51
49, 35.39, 39.86, 48.29, 43.25
50, 35.43, 39.9, 48.96, 43.73
51, 35.53, 39.83, 48.8, 44.38
52, 35.61, 40.27, 48.96, 45.2
53, 36.16, 40.65, 50.07, 45.88
54, 36.1, 40.44, 50.22, 46.36
55, 36.07, 40.72, 51.3, 46.19
56, 36.49, 41.09, 50.95, 47.04
57, 36.62, 41.31, 52.01, 48.95
58, 36.48, 41.75, 52.37, 48.93
59, 36.64, 41.77, 53.55, 50.63
60, 37.04, 41.98, 53.98, 50.65
61, 37.28, 42.01, 53.1, 51.95
62, 37.17, 42.9, 54.57, 52.68
63, 37.57, 42.73, 55.73, 52.22
64, 37.82, 43.14, 55.16, 54.03
65, 37.75, 43.54, 57.59, 53.92
66, 37.79, 43.8, 60.1, 54.6
67, 38.32, 43.82, 62.7, 55.7
68, 38.27, 44.2, 64.24, 57.07
69, 38.3, 44.7, 65.99, 57.86
70, 38.31, 44.8, 68.14, 59.26
71, 38.65, 45.06, 73.65, 59.32
72, 39, 45.23, 77.04, 61.57
73, 39.19, 45.53, 81.6, 62.4
74, 39.04, 46.2, 83.05, 63.07
75, 39.1, 46.64, 84.97, 63.24
76, 39.62, 47.27, 84.62, 64.58
77, 39.53, 47.95, 87.77, 66.3
78, 40.03, 48.28, 90.36, 71.04
79, 40.02, 48.91, 91.16, 70.97
80, 40.38, 49.22, 91.61, 74.54
81, 40.55, 50.37, 92.2, 75.15
82, 40.76, 50.75, 92.5, 76.02
83, 40.75, 50.93, 91.96, 77.02
84, 41.06, 51.61, 90.5, 77.47
85, 41.32, 52.01, 93.06, 79.36
86, 41.99, 52.74, 92.86, 78.8
87, 42.1, 52.79, 93.7, 80.05
88, 42.26, 53.75, 93.27, 79.57
89, 42.47, 53.8, 93.1, 79.92
90, 42.65, 54.72, 93.74, 79.87
91, 42.58, 55.38, 93.95, 82.2
92, 43.15, 56.47, 93.17, 83.48
93, 43.43, 56.84, 93.81, 84.36
94, 43.87, 57.45, 93.71, 82.59
95, 44.32, 57.8, 93.73, 84.12
96, 44.18, 58.37, 94.12, 84.85
97, 44.42, 58.66, 94.52, 85.21
98, 44.79, 58.98, 94.65, 86.05
99, 44.59, 59.6, 93.9, 86.04
100, 45.36, 60.41, 93.71, 85.23
101, 45.67, 65.45, 94.3, 85.81
102, 45.84, 75.79, 94.15, 84.75
103, 46.81, 78.96, 92.96, 85.8
104, 48.16, 79.91, 93.58, 85.37
105, 49.38, 81.18, 94.97, 86.01
106, 51.35, 81.87, 94.3, 85.19
107, 52.6, 82.34, 93.58, 86.11
108, 53.3, 82.46, 93.71, 87.15
109, 53.87, 82.34, 94.16, 86.96
110, 54.23, 83.1, 94.03, 87.49
111, 54.03, 83.54, 94.25, 87.32
112, 55.55, 84.13, 94.07, 87.89
113, 56.37, 84.21, 93.83, 87.29
114, 56.32, 83.88, 93.61, 88.61
115, 56.85, 84.43, 94.63, 88.37
116, 56.75, 83.76, 93.62, 87.79
117, 57.04, 81.65, 93.02, 87.81
118, 57.11, 84.02, 95.16, 85.91
119, 57.22, 84.69, 93.66, 86.13
120, 57.47, 84.47, 93.23, 84.49
121, 58.09, 85.18, 91.68, 85.04
122, 58.47, 85.34, 91.86, 83.56
123, 59.11, 85.42, 93.01, 83.12
124, 58.8, 84.36, 92.3, 82.24
125, 59.37, 83.38, 93.31, 82.31
126, 58.94, 84.5, 94.18, 81.39
127, 59.54, 84.96, 92.69, 82.88
128, 59.61, 84.93, 91.2, 82.41
129, 59.56, 81.76, 91.96, 84.86
130, 59.21, 78.58, 92.89, 83.22
131, 59.15, 75.7, 93.74, 83.85
132, 58.81, 77.05, 93.85, 84.79
133, 58.31, 77.84, 93.3, 82.23
134, 58.6, 80.1, 93.59, 81.74
135, 58.63, 81.82, 92.26, 81.23
136, 58.41, 80.32, 91.02, 84.52
137, 58.39, 77.25, 91.11, 85.88
138, 58.84, 77.7, 93.46, 82.35
139, 58.32, 75.91, 93.42, 83.27
140, 58.52, 74.56, 94.11, 84.37
141, 57.78, 73.61, 93.08, 83.47
142, 58, 73.22, 92.27, 82.28
143, 57.67, 73.41, 91.56, 81.64
144, 57.91, 72.47, 93.64, 82.41
145, 57.71, 72.2, 93.66, 82.76
146, 57.56, 73.76, 92.7, 80.23
147, 57.45, 72.8, 92.22, 79.66
148, 57.11, 73.06, 91.88, 79.17
149, 57.33, 73.13, 91.25, 78.43
150, 57.34, 72.68, 92.42, 79.93
151, 57.23, 72.3, 91.57, 78.81
152, 57.21, 71.65, 91.19, 78.51
153, 57.51, 71.55, 91.13, 79.39
154, 57.54, 71.61, 90.41, 78.89
155, 57.25, 70.82, 91.35, 79.04
156, 57.29, 70.81, 90.16, 78.4
157, 57.5, 70.35, 88.9, 79.06
158, 56.94, 70.05, 89.39, 78.5
159, 57.25, 70.07, 88.11, 77.59
160, 57.48, 69.91, 87.59, 77.8
161, 56.98, 69.76, 86.74, 77.08
162, 56.96, 69.89, 87.99, 78.97
163, 57.27, 69.79, 87.86, 77.97
164, 57.04, 69.32, 87.73, 77.37
165, 57.3, 69.49, 87.76, 77.48
166, 56.9, 69.58, 87.59, 77.22
167, 56.85, 68.9, 87.09, 77.83
168, 57.2, 68.78, 86.63, 78.31
169, 57.23, 68.83, 85.72, 77.71
170, 56.63, 67.87, 86.39, 77.55
171, 57.25, 68.09, 86.53, 77.15
172, 57.1, 68.63, 85.01, 77.72
173, 56.8, 68.58, 85.43, 77.56
174, 56.94, 68.32, 85.43, 78.16
175, 57.3, 68.24, 84.39, 77.81
176, 57.17, 68.3, 84.76, 77.44
177, 56.85, 68.47, 85.01, 77.58
178, 57, 68.17, 85.89, 78.51
179, 57.41, 68.04, 84.62, 78.9
180, 57.21, 68.78, 83.62, 77.77
181, 57.33, 68.16, 84.08, 77.02
182, 57.25, 68.3, 84.15, 78.96
183, 57.49, 68.28, 84.27, 78.8
184, 57.04, 68.48, 84.56, 77.29
185, 56.96, 68.13, 83.93, 77.02
186, 57.3, 68.16, 83.81, 78.35
187, 57.27, 68.03, 83.07, 79.27
188, 57.35, 68.32, 83.6, 77.57
189, 57.29, 68.34, 83.79, 77.94
190, 57.29, 68.05, 83.32, 78.4
191, 57.53, 68, 83.04, 79.19
192, 57.6, 67.97, 84.25, 78.93
193, 57.51, 68.4, 82.82, 78.16
194, 57.37, 68.74, 83.36, 78.29
195, 57.47, 68.39, 84.8, 78.27
196, 57.49, 67.88, 83.65, 78.58
197, 57.75, 67.79, 82.82, 77.93
198, 57.65, 68.22, 83.15, 79.38
199, 57.81, 67.95, 82.59, 78.05
200, 57.62, 68.31, 83.68, 78.53
201, 57.45, 67.91, 84.03, 78.13
202, 57.58, 67.76, 84.53, 78.24
203, 57.91, 67.86, 84.01, 77.67
204, 57.8, 68.04, 83.78, 79.01
205, 57.78, 67.64, 83.6, 79.39
206, 57.98, 67.95, 83.48, 77.18
207, 58.26, 67.72, 82.4, 78.28
208, 57.71, 67.97, 82.56, 76.76
209, 57.83, 68.05, 83.59, 77.78
210, 57.71, 67.49, 84.06, 77.17
211, 57.91, 67.81, 83.39, 78.01
212, 58.02, 67.83, 83, 78.27
213, 58.04, 67.84, 82.76, 79.09
214, 58.16, 67.75, 83.51, 78.19
215, 58.25, 67.83, 83.31, 78.84
216, 58.16, 68.11, 83.17, 78.18
217, 58.3, 68.01, 83.95, 78.34
218, 58.5, 67.9, 83.23, 77.51
219, 58.29, 68.3, 83.1, 77.87
220, 58.16, 68.3, 82.81, 78.87
221, 58.58, 68.33, 84.23, 78.2
222, 58.25, 68.37, 84.21, 79.55
223, 57.94, 68.27, 84.37, 78.42
224, 58.37, 68.3, 84.19, 78.66
225, 58.19, 68.32, 83.39, 77.94
226, 58.12, 68.21, 84.29, 78.46
227, 58.39, 68.12, 84.29, 78.53
228, 58.28, 68.17, 83.99, 78.95
229, 58.47, 68.07, 84.08, 78.57
230, 58.36, 67.94, 83.75, 78.53
231, 58.08, 68.48, 83.43, 77.5
232, 58.38, 68.32, 83.96, 79.06
233, 58.58, 68.38, 84.21, 79.24
234, 58.47, 68.33, 84.07, 78.84
235, 58.22, 68.12, 83.73, 79.28
236, 58.33, 68.44, 84.25, 78.84
237, 58.58, 68.74, 83.88, 78.71
238, 58.77, 68.58, 84.98, 77.57
239, 58.8, 68.6, 82.91, 77.98
240, 58.67, 68.49, 84.5, 78.19
241, 59.08, 68.69, 84.27, 78.12
242, 58.88, 68.86, 84.29, 77.41
243, 58.91, 68.6, 84.49, 78.74
244, 59.35, 68.6, 83.62, 78.43
245, 59.05, 68.7, 83.74, 77.76
246, 59.05, 68.69, 83.76, 78.52
247, 58.84, 68.67, 82.62, 79.2
248, 59.27, 68.73, 83.21, 79.3
249, 59.21, 68.34, 83.78, 79.66
250, 58.93, 68.49, 83.95, 78.75
251, 59.2, 68.73, 83.6, 79.13
252, 59.15, 68.84, 83.49, 78.85
253, 59.23, 68.76, 82.84, 78.46
254, 59.58, 68.44, 83.58, 78.5
255, 59.65, 68.83, 83.42, 78.72
256, 59.54, 68.82, 82.77, 79.23
257, 59.53, 68.8, 84.13, 80.05
258, 59.09, 68.15, 85.07, 79.5
259, 59.19, 68.59, 83.56, 78.31
260, 59.47, 68.87, 83.52, 79.31
261, 59.47, 68.94, 83.78, 79.45
262, 59.67, 68.83, 82.87, 78.4
263, 59.56, 69.01, 83.28, 79.76
264, 59.62, 68.69, 84.09, 79.95
265, 59.35, 68.66, 84.34, 80.08
266, 59.36, 68.99, 84.65, 78.79
267, 59.53, 69.09, 84.49, 78.85
268, 60.15, 68.98, 84.57, 78.21
269, 59.89, 68.94, 83.24, 77.97
270, 59.4, 68.76, 83.55, 79.92
271, 59.74, 69.07, 83.86, 79.25
272, 59.71, 69.31, 84.75, 79.79
273, 59.87, 69.07, 85.11, 78.88
274, 60.26, 69.04, 83.28, 80.33
275, 59.85, 68.82, 84.26, 79.74
276, 59.69, 69.04, 84.01, 78.72
277, 59.88, 69.28, 84.55, 79.63
278, 59.94, 69.28, 83.73, 78.53
279, 59.85, 69.52, 83.04, 79
280, 59.98, 69.29, 84.13, 78.19
281, 60.03, 69.55, 84.37, 79.24
282, 60.37, 69.31, 83.76, 77.85
283, 60.33, 69.57, 84.04, 81
284, 60.09, 69.12, 85.64, 80
285, 60.25, 69.66, 83.79, 78.86
286, 60.15, 69.69, 83.31, 79.12
287, 60.28, 69.61, 83.28, 79.35
288, 60.31, 69.68, 85.01, 79.57
289, 60.07, 69.73, 84.53, 79.23
290, 60.4, 69.79, 84.13, 78.59
291, 60.44, 69.74, 83.96, 79.78
292, 60.3, 69.44, 84.18, 79
293, 60.03, 69.73, 83.58, 79.88
294, 60.77, 69.57, 84.33, 78.43
295, 60.71, 69.42, 84.14, 79.7
296, 60.33, 69.61, 84.01, 79.57
297, 61.02, 69.3, 83.99, 79.33
298, 60.36, 69.1, 83.89, 79.06
299, 60.93, 69.32, 85.49, 79.08
300, 60.53, 69.7, 84.48, 80.07
301, 60.91, 69.59, 84.48, 78.67
302, 61.18, 69.79, 84.92, 79.68
303, 60.73, 69.97, 83.72, 79.78
304, 60.7, 69.93, 83.84, 78.86
305, 60.84, 69.68, 84.61, 79.89
306, 60.57, 69.6, 84.92, 79.01
307, 61.53, 69.68, 84.67, 79.33
308, 60.85, 70.23, 84.82, 78.54
309, 60.77, 69.86, 84.9, 79.96
310, 60.65, 70.03, 84.65, 79.28
311, 61.15, 70.06, 84.19, 78.37
312, 60.95, 70.03, 85.93, 78.96
313, 60.74, 70.38, 85, 78.17
314, 61.23, 70.08, 84.27, 79.95
315, 60.95, 70.36, 85.71, 79.36
316, 61.19, 70.17, 85.06, 80.28
317, 61.22, 70.29, 84.91, 79.98
318, 61.14, 70.56, 84.56, 78.76
319, 61.19, 70.22, 84.84, 80.76
320, 61.12, 70.37, 84.86, 78.36
321, 61.09, 70.46, 84.4, 78.84
322, 61.08, 70.32, 84.37, 79.4
323, 61.32, 70.45, 85.09, 78.91
324, 61.71, 70.38, 84.75, 80.66
325, 61.25, 70.39, 85.58, 80.16
326, 60.94, 70.7, 84.27, 79.01
327, 61.73, 70.42, 84.43, 79.79
328, 61.15, 70.61, 85.25, 79.05
329, 61.57, 70.35, 84.66, 79.56
330, 61.22, 70.27, 84.51, 80.2
331, 61.11, 70.55, 85.21, 80.34
332, 61.49, 70.38, 85.54, 79.84
333, 61.42, 70.91, 83.79, 78.96
334, 61.59, 70.65, 84.39, 81.31
335, 61.5, 70.7, 85.55, 80.09
336, 61.79, 70.43, 84.3, 81.3
337, 61.74, 70.26, 85.3, 78.93
338, 61.13, 70.22, 84.58, 78.99
339, 61.69, 69.8, 85.01, 79.84
340, 61.54, 70.73, 84.21, 80.12
341, 61.67, 70.31, 84.82, 80.03
342, 61.62, 70.06, 84.16, 80.11
343, 61.86, 70.47, 84.58, 79.87
344, 61.69, 70.21, 87.07, 79.74
345, 61.58, 70.69, 84.64, 80.33
346, 61.89, 70.58, 85.72, 79.51
347, 61.62, 71.14, 84.57, 79.89
348, 61.9, 71.11, 85.93, 80.05
349, 61.63, 71.36, 85.16, 79.85
350, 61.8, 70.79, 84.75, 79.32
351, 61.67, 71.64, 85.09, 79.74
352, 62.01, 71.1, 85.81, 80.4
353, 61.71, 71.73, 84.56, 79.36
354, 61.59, 71.06, 85.78, 80.93
355, 61.99, 71.67, 84.88, 80.22
356, 61.87, 71.47, 85.46, 79.99
357, 61.76, 71.41, 85.12, 79.2
358, 62.13, 71.11, 84.81, 79.51
359, 61.51, 71.49, 85.49, 80.22
360, 62.31, 71.21, 85.58, 79.83
361, 61.8, 71.7, 84.79, 79.99
362, 62.18, 70.99, 86.12, 80.5
363, 62.28, 71.7, 85.23, 80.77
364, 62.03, 71.35, 86.35, 79.89
365, 62.23, 71.64, 84.64, 80.35
366, 62.37, 71.35, 86.22, 79.48
367, 62.18, 71.77, 84.41, 81.07
368, 62.45, 71.24, 85.23, 79.8
369, 62.79, 71.6, 84.33, 80.63
370, 62.27, 72.02, 84.73, 78.96
371, 62.43, 71.73, 84.34, 80.6
372, 62.23, 72.07, 84.35, 79.39
373, 62.84, 71.48, 83.92, 80.1
374, 62.17, 71.86, 85.44, 78.88
375, 62.19, 71.82, 85.02, 80.19
376, 62.23, 72.39, 84.88, 79.76
377, 62.46, 71.5, 86.24, 80.35
378, 62.47, 71.84, 83.92, 80.56
379, 62.32, 71.4, 86.35, 80.55
380, 62.59, 71.6, 84.83, 81.73
381, 62.24, 71.81, 84.45, 79.74
382, 62.62, 71.84, 83.66, 80.29
383, 62.57, 72.11, 85.17, 78.73
384, 62.56, 72.01, 85.81, 79.89
385, 62.1, 72.43, 85.36, 80.64
386, 62.83, 71.8, 86.16, 79.65
387, 62.91, 71.86, 85.86, 81.39
388, 62.68, 71.92, 85.7, 80.03
389, 62.6, 72.19, 84.19, 80.2
390, 62.59, 72.3, 85.46, 79.51
391, 62.59, 72.2, 84.98, 80.27
392, 62.5, 72.46, 85.78, 80.92
393, 62.75, 72.04, 86.19, 80.83
394, 62.87, 71.93, 85.11, 81.02
395, 62.75, 72.15, 85.37, 79.81
396, 63.12, 72.1, 85.45, 80.95
397, 62.52, 72.56, 86.34, 79.11
398, 62.86, 71.9, 86.34, 79.65
399, 62.2, 72.36, 85.48, 81.65
400, 62.91, 72.18, 86.58, 80.46
401, 62.88, 72.25, 84.91, 80.53
402, 62.89, 72.52, 85.87, 79.23
403, 63.01, 72.57, 86.98, 81
404, 62.92, 72.89, 85.25, 80.87
405, 62.88, 72.23, 85.97, 79.65
406, 62.98, 72.4, 84.66, 80.22
407, 62.7, 72.6, 84.86, 81.12
408, 63.13, 72.22, 85.65, 81.19
409, 63.26, 72.64, 85.05, 80.87
410, 63.37, 72.41, 86.21, 79.93
411, 63.38, 72.27, 85.94, 80.96
412, 63.12, 72.55, 85.97, 81.92
413, 63.21, 72.57, 86.03, 79.39
414, 63.47, 72.51, 85.63, 80.62
415, 63.11, 72.61, 86.19, 80.81
416, 63.2, 71.87, 86.96, 80.59
417, 63.38, 72.68, 85.69, 80.95
418, 63.29, 72.27, 84.88, 81.02
419, 63.34, 72.63, 86.11, 81.81
420, 63.28, 72.69, 85.42, 81.86
421, 63.28, 72.68, 85.23, 80.25
422, 63.7, 72.39, 85.74, 80.97
423, 63.12, 72.76, 85.87, 81.42
424, 63.01, 72.56, 85.87, 80.83
425, 63.59, 72.59, 86.09, 81.41
426, 63.57, 72.73, 85.78, 82.67
427, 63.4, 72.46, 86.68, 80.54
428, 63.81, 72.77, 85.28, 80.81
429, 63.31, 72.81, 85.21, 80.65
430, 63.37, 72.52, 86.63, 80.61
431, 63.64, 72.82, 85.15, 80.97
432, 63.25, 72.91, 86.24, 81
433, 63.42, 72.49, 86.71, 80.88
434, 64.14, 72.81, 85.17, 80.14
435, 63.27, 73.01, 85.59, 80.85
436, 64.08, 72.16, 86.43, 80.63
437, 63.31, 72.51, 85.23, 80.92
438, 63.52, 72.86, 85.66, 82.1
439, 64.16, 72.39, 86.95, 80.37
440, 63.29, 72.49, 86.17, 79.81
441, 63.75, 72.88, 86.5, 81.67
442, 64.29, 72.37, 87.04, 80.09
443, 63.77, 72.64, 86.06, 80.64
444, 63.74, 73.02, 86.02, 81.23
445, 64.02, 72.47, 86.63, 80.52
446, 63.64, 72.37, 86.24, 80.97
447, 63.68, 72.64, 85.25, 80.64
448, 64.04, 72.2, 86.38, 80.35
449, 63.57, 72.43, 86.46, 81.66
450, 63.88, 72.42, 86.1, 81.55
451, 64.1, 72.68, 86.25, 81.07
452, 64.21, 72.51, 87.62, 81.32
453, 63.65, 72.64, 86.05, 80.95
454, 63.98, 72.81, 86.43, 81.94
455, 64.37, 72.28, 85.94, 80.65
456, 63.89, 72.44, 85.55, 82.52
457, 63.78, 73.15, 85.2, 82.79
458, 64.35, 72.68, 87.49, 80.33
459, 64.09, 72.56, 86.56, 80.98
460, 63.86, 72.75, 86.28, 81.43
461, 64.11, 72.98, 85.81, 81.23
462, 64.53, 72.41, 86.75, 80.97
463, 63.99, 72.93, 86.2, 80.57
464, 64.13, 72.78, 86.1, 82
465, 64.18, 72.87, 86.41, 81.64
466, 64.56, 72.32, 86.7, 80.89
467, 64.01, 72.96, 86.66, 81.6
468, 64.02, 73.13, 85.65, 81.75
469, 64.31, 72.65, 87.59, 81.15
470, 64.83, 72.63, 87.17, 80.94
471, 64.11, 72.61, 85.58, 81.09
472, 63.99, 73.13, 85.83, 81.67
473, 63.98, 72.95, 86.52, 80.27
474, 64.61, 72.94, 87.06, 81.92
475, 63.91, 73.1, 85.75, 81.35
476, 64.37, 73.27, 86.66, 81.67
477, 64.18, 73, 86.21, 80.7
478, 64.73, 72.83, 86.54, 80.24
479, 64.31, 72.74, 86.29, 81.04
480, 64.29, 72.62, 86.04, 81.67
481, 64.49, 73.09, 86.18, 81.83
482, 64.74, 72.6, 86.12, 80.74
483, 64.39, 73.05, 85.83, 81.43
484, 64.06, 73.07, 86.52, 81.54
485, 64.07, 73.69, 86.61, 81.95
486, 64.35, 73.25, 86.16, 80.98
487, 64.62, 72.94, 86, 81.73
488, 64.45, 73.33, 86.16, 81.24
489, 64.35, 73.64, 86.1, 81.38
490, 64.41, 73.3, 86.27, 80.82
491, 64.81, 73.09, 86.56, 80.27
492, 64.55, 72.9, 86.42, 81.41
493, 64.5, 72.97, 85.58, 82.09
494, 64.14, 73.07, 86.2, 82.43
495, 64.4, 72.85, 86.12, 81.48
496, 64.87, 72.65, 88.04, 80.84
497, 64.96, 72.52, 86.78, 81.53
498, 64.53, 72.66, 85.93, 81.56
499, 64.51, 73, 85.63, 82.38
500, 64.95, 72.73, 86.49, 80.97
501, 64.85, 72.96, 86.99, 81.01
502, 64.55, 72.71, 86.35, 82.05
503, 64.38, 72.82, 86.23, 82.09
504, 64.58, 73.2, 86.74, 82.68
505, 65.01, 72.77, 87.25, 80.57
506, 64.62, 72.69, 87.99, 81.67
507, 64.94, 72.68, 86.06, 82.1
508, 64.84, 72.54, 85.97, 82.88
509, 64.89, 73.11, 86.92, 83.09
510, 64.51, 72.6, 87.15, 81.94
511, 65.32, 72.75, 86.68, 82.1
512, 64.79, 72.72, 86.57, 81.51
513, 64.45, 72.52, 85.86, 82.48
514, 65.04, 72.99, 86.27, 82.79
515, 64.72, 72.85, 86.64, 81.23
516, 64.88, 72.87, 87.77, 80.48
517, 65.02, 72.87, 87.23, 81.73
518, 64.5, 73.03, 85.33, 82.5
519, 64.89, 73.04, 86.35, 82.58
520, 64.97, 73.08, 87.11, 84.15
521, 64.89, 72.58, 86.17, 80.78
522, 65.3, 72.95, 87.4, 82.09
523, 64.79, 73.2, 86.52, 82.55
524, 64.93, 73.29, 85.83, 82.71
525, 64.51, 73.26, 86.98, 82.09
526, 64.88, 73.72, 86.17, 82.28
527, 64.96, 73, 86.17, 81.56
528, 65.57, 72.88, 86.76, 80.97
529, 65.19, 73.12, 87.95, 81.68
530, 64.76, 73.34, 86.67, 82.38
531, 64.99, 73.17, 86.18, 82.25
532, 64.97, 73.4, 85.35, 82.07
533, 65.01, 73.63, 87, 83.49
534, 65.01, 73.46, 86.36, 82.87
535, 65.01, 73.18, 86.96, 82.11
536, 64.95, 73.24, 87.17, 81.73
537, 65.07, 73.08, 86.9, 81.39
538, 65.44, 73.46, 87.73, 82.04
539, 65.39, 73.56, 87.04, 82.94
540, 65.7, 73.74, 86.13, 83.29
541, 64.99, 73.35, 86.66, 82.21
542, 65.02, 73.6, 85.73, 82.79
543, 65.1, 73.83, 87.48, 83.31
544, 65.47, 73.8, 86.86, 82.52
545, 65.05, 73.87, 86.3, 82.77
546, 65.44, 73.49, 86.17, 81.98
547, 65.12, 73.33, 87.12, 81.47
548, 65.07, 73.22, 86.56, 81.68
549, 65.37, 73.3, 86.84, 81.35
550, 65.38, 73.42, 87.29, 81.58
551, 65.41, 73.56, 87.13, 82.82
552, 65.48, 73.71, 86.8, 81.45
553, 65.43, 73.61, 87.04, 82.47
554, 65.5, 73.69, 86.93, 83.23
555, 65.64, 73.57, 87.28, 81.14
556, 65.41, 73.58, 86.74, 81.84
557, 65.28, 73.72, 86.48, 81.63
558, 65.27, 73.73, 86.54, 82.49
559, 65.07, 73.83, 85.69, 82.4
560, 65.14, 73.67, 86.25, 82.61
561, 65.47, 73.92, 85.67, 83.05
562, 65.31, 73.73, 85.84, 83.35
563, 65.48, 73.96, 86.54, 83
564, 65.1, 74.01, 87.04, 83.35
565, 65.16, 74, 87.05, 82.61
566, 65.17, 73.8, 87.07, 83.74
567, 65.11, 74.27, 86.25, 83.06
568, 65.25, 74.45, 86.37, 82.62
569, 65.52, 73.84, 87.06, 83.24
570, 65.14, 73.95, 87.24, 82.84
571, 65.48, 73.95, 86.66, 83.06
572, 65.28, 74.15, 86.96, 83.49
573, 65.53, 74.04, 85.52, 83.96
574, 65.64, 74, 85.97, 82.48
575, 65.48, 73.98, 87.3, 83.65
576, 65.59, 74.29, 85.44, 82.74
577, 65.37, 74.12, 86.99, 83.45
578, 65.38, 74.07, 86.63, 83.25
579, 65.46, 74.13, 87.44, 83.97
580, 65.65, 74.09, 86.38, 83.96
581, 65.56, 74.12, 87, 83.58
582, 65.64, 73.71, 85.53, 83.88
583, 65.74, 73.68, 85.39, 82.63
584, 65.49, 73.92, 86.19, 83.92
585, 65.52, 73.99, 85.35, 84.27
586, 65.64, 73.92, 86.55, 83.35
587, 65.7, 74.02, 86.23, 82.83
588, 65.68, 73.84, 86.28, 82.82
589, 65.73, 73.97, 85.99, 82.35
590, 66.08, 73.81, 86.34, 83.33
591, 66.17, 73.63, 87.2, 83.57
592, 65.83, 74.02, 87.48, 82.45
593, 66.19, 73.68, 86.76, 83.21
594, 66.28, 73.74, 87.43, 82.84
595, 66.22, 73.87, 88.27, 83.04
596, 66.26, 73.75, 86.85, 82.2
597, 65.95, 74, 87.91, 81.43
598, 66.24, 73.78, 88.04, 83.41
599, 65.74, 73.99, 87.34, 83.03
600, 65.77, 73.71, 86.38, 81.76
601, 65.85, 73.77, 88.16, 83.26
602, 65.86, 74.05, 86.74, 83.79
603, 65.91, 74.58, 87.07, 84.22
604, 65.91, 74.19, 87.56, 83.93
605, 65.68, 74.42, 86.78, 84.19
606, 65.63, 74.06, 86.12, 83.35
607, 65.81, 74.19, 85.98, 83.31
608, 65.71, 74.09, 86.54, 83.43
609, 66.18, 74.5, 86.54, 82.77
610, 66.12, 74.03, 86.1, 82.52
611, 66.19, 74.08, 87.23, 83.27
612, 66.43, 73.8, 87.37, 83.01
613, 65.78, 73.94, 87.96, 83.39
614, 66.2, 74.26, 86.93, 82.05
615, 65.9, 74.43, 87, 82.58
616, 65.73, 74.62, 86.51, 84.19
617, 65.9, 74.49, 86.25, 84.79
618, 65.82, 74.25, 87.2, 84.15
619, 66.5, 74.39, 85.91, 83.09
620, 66.46, 74.22, 87.11, 83.91
621, 66.21, 74.04, 87.47, 82.76
622, 66.18, 73.9, 87.73, 82.12
623, 66.16, 73.77, 87.07, 81.54
624, 66.14, 74.06, 87.6, 83.02
625, 66.27, 74.28, 87.43, 82.4
626, 65.95, 74.49, 86.31, 85.1
627, 65.7, 74.04, 85.69, 83.16
628, 66.26, 73.83, 85.93, 83.9
629, 66.51, 73.7, 86.84, 82.45
630, 66.54, 73.86, 87.3, 83.26
631, 66.02, 73.81, 88.62, 82.5
632, 66.18, 74.17, 86.09, 83.99
633, 66.47, 74.45, 86.6, 83.9
634, 66.12, 74.4, 87.34, 84.39
635, 66.68, 74.04, 86.78, 84.1
636, 66.45, 74.09, 87.24, 83.77
637, 66.3, 73.96, 88.1, 83.37
638, 65.91, 74.27, 87.67, 83.52
639, 66.22, 74.46, 86.68, 84.08
640, 66.15, 74.13, 87.13, 83.91
641, 66.59, 74.08, 86.45, 83.61
642, 66.62, 73.56, 87.63, 82.9
643, 66.27, 74.05, 88.35, 82.97
644, 66.14, 74.44, 87.1, 84.13
645, 66.38, 74.11, 87.13, 83.18
646, 66.63, 74.29, 87.56, 83.8
647, 66.5, 74.22, 87.81, 82.1
648, 66.47, 74.27, 87.78, 82.99
649, 66.16, 74.32, 87.72, 83.47
650, 66.95, 74.07, 85.65, 82.74
651, 66.03, 74.22, 88.45, 82.29
652, 66.27, 74.47, 85.92, 82.6
653, 66.32, 74.38, 86.84, 84.99
654, 66.6, 74.11, 86.28, 83.73
655, 66.49, 74.07, 88.35, 83.04
656, 66.34, 74.54, 87.32, 84.08
657, 66.11, 74.58, 86.69, 84.65
658, 66.71, 74.05, 86.61, 83.88
659, 66.34, 74.5, 87.85, 83.38
660, 66.47, 74.29, 87.02, 84.36
661, 66.74, 74.31, 86.47, 83.96
662, 66.38, 74.2, 87.42, 83.43
663, 66.66, 74.69, 86.66, 84
664, 66.53, 74.51, 86.2, 83.68
665, 66.47, 74.22, 87.81, 83.85
666, 66.47, 74.6, 87.3, 84.12
667, 66.55, 74.39, 86.62, 84.25
668, 66.93, 74.22, 87.69, 84.07
669, 66.55, 74.58, 86.98, 81.87
670, 66.26, 74.48, 87.52, 84.51
671, 66.82, 74.42, 86.81, 83.5
672, 66.57, 74.37, 87.4, 82.53
673, 66.54, 74.34, 87.15, 83.93
674, 66.75, 74.36, 86.05, 83.72
675, 66.51, 74.43, 86.99, 84.26
676, 66.62, 74.7, 86.7, 83.73
677, 66.5, 74.53, 86.77, 84.64
678, 66.65, 74.74, 87.94, 83.27
679, 66.41, 74.64, 87.04, 84.19
680, 67.21, 74.48, 87.57, 83.05
681, 66.76, 74.85, 87.49, 83.15
682, 66.57, 74.5, 87.51, 84.63
683, 66.61, 74.54, 87.42, 83.25
684, 66.96, 75.06, 87.06, 82.86
685, 66.77, 74.97, 86.29, 83.46
686, 66.76, 74.49, 86.82, 83.92
687, 66.35, 74.75, 86.98, 84.55
688, 67, 74.69, 86.95, 84.05
689, 66.79, 74.55, 87.21, 83.47
690, 66.79, 74.5, 87.27, 83.4
691, 66.58, 74.63, 87.81, 83.43
692, 66.47, 74.58, 87.26, 84.18
693, 67.04, 74.6, 85.71, 83.54
694, 66.77, 74.72, 87.15, 83.24
695, 66.62, 74.84, 86.76, 84.48
696, 66.79, 74.93, 87.12, 84.19
697, 66.67, 74.72, 87.3, 84.93
698, 66.83, 74.45, 87.64, 83.73
699, 66.78, 74.9, 86.61, 83.37
700, 66.84, 74.58, 87.45, 83.35
701, 66.49, 74.42, 87.09, 82.48
702, 66.61, 74.72, 86.79, 84.82
703, 67.05, 74.79, 86.64, 84.1
704, 66.83, 75.05, 86.06, 83.67
705, 66.96, 74.71, 87.92, 84.29
706, 66.67, 75.11, 87.22, 83.47
707, 66.52, 74.86, 87.26, 83.91
708, 66.67, 74.79, 87.66, 84.37
709, 66.15, 74.97, 87.18, 84.56
710, 66.91, 74.64, 88.22, 83.56
711, 66.35, 74.9, 86.76, 85.17
712, 67.22, 74.71, 86.51, 83.63
713, 66.98, 74.92, 86.71, 83.82
714, 67.02, 74.7, 87, 82.94
715, 66.61, 75.08, 87.77, 83.47
716, 67.41, 74.85, 87.46, 83.66
717, 67.07, 74.94, 87.56, 82.97
718, 67.07, 74.91, 88.02, 84.1
719, 66.85, 75.25, 87.09, 83.35
720, 67.14, 74.96, 87.97, 84.68
721, 67.01, 74.95, 87.08, 84.25
722, 67.08, 74.97, 87.64, 84.55
723, 67.05, 75.28, 87.21, 83.88
724, 67.15, 75.03, 88.3, 85.23
725, 67.06, 74.9, 87.14, 83.69
726, 67.17, 75.02, 88.39, 83.49
727, 67.02, 75.09, 87.92, 83.43
728, 67.19, 74.99, 87.72, 84.91
729, 67.02, 75.29, 86.38, 83.56
730, 67.28, 74.63, 88.12, 83.38
731, 67.57, 75.17, 87.25, 83.25
732, 67.49, 75.07, 87.86, 83.58
733, 67.17, 75.26, 86.64, 83.37
734, 67.46, 74.94, 88.12, 84.4
735, 67.35, 75.51, 86.79, 83.54
736, 67.51, 74.7, 87.3, 83.54
737, 66.72, 74.91, 86.57, 84.31
738, 67.12, 74.66, 87.38, 83.84
739, 66.55, 75.01, 87.09, 85.48
740, 67.17, 75.14, 86.46, 84.37
741, 67.01, 75.05, 88.29, 84.4
742, 67.09, 74.82, 87.42, 83.91
743, 67.34, 75.13, 87.86, 84.04
744, 67.14, 75.38, 87.02, 82.84
745, 67.46, 75.4, 86.84, 83.24
746, 67.19, 75.05, 87.91, 85.49
747, 67.37, 75.01, 87.54, 84.26
748, 67.16, 75.13, 87.46, 84.69
749, 67.09, 75.47, 86.82, 84.68
750, 67.63, 75.07, 87.68, 84.37
751, 67.4, 75.39, 86.1, 85.26
752, 67.34, 75.19, 86.86, 84.78
753, 67.46, 75.23, 88.1, 85.09
754, 67.38, 75.45, 87.14, 84.05
755, 67.66, 74.93, 87, 84.02
756, 67.24, 75.46, 86.02, 86.07
757, 67.36, 75.06, 87.4, 84.11
758, 67.1, 74.95, 87.52, 84.03
759, 67.29, 75.27, 87.33, 83.38
760, 67.18, 75.14, 88.29, 83.06
761, 67.14, 75.13, 87.5, 86
762, 67.38, 75.24, 87, 84.11
763, 67.6, 75.14, 87.12, 83.89
764, 67.29, 75.37, 86.72, 85.16
765, 67.68, 75.14, 86.98, 84.17
766, 67.05, 74.97, 87.99, 85.06
767, 67.13, 75.4, 87.23, 83.32
768, 67.61, 74.97, 86.89, 84.65
769, 67.48, 75.11, 88.04, 84.54
770, 67.69, 75.28, 86.07, 83.25
771, 67.63, 75.08, 86.66, 84.44
772, 67.21, 75.22, 88.09, 85.07
773, 67.36, 75.43, 86.14, 84.1
774, 67.68, 75.3, 86.74, 84.09
775, 67.6, 75.36, 87.81, 85.05
776, 67.48, 75.48, 87.05, 82.89
777, 67.69, 75.14, 87.85, 83.41
778, 67.31, 75.72, 87.67, 85.08
779, 67.6, 75.37, 86.85, 83.37
780, 67.86, 75.17, 87.53, 85.07
781, 67.31, 75.07, 87.91, 84.45
782, 67.46, 75.27, 86.93, 84.62
783, 67.47, 75.46, 86.95, 83.52
784, 67.8, 75.45, 87.56, 85.38
785, 67.18, 75.37, 87.34, 85.64
786, 67.07, 75.48, 87.07, 83.03
787, 67.68, 75.12, 87.41, 84.76
788, 67.26, 75.08, 88.24, 84.96
789, 67.27, 75.58, 86.7, 84.02
790, 67.41, 75.31, 87.67, 84.63
791, 67.67, 75.38, 87.73, 83.92
792, 67.18, 75.48, 88.03, 85.38
793, 67.63, 75.54, 87.47, 84.49
794, 67.81, 75.19, 87.59, 85.06
795, 67.42, 75.32, 88.08, 84.78
796, 67.21, 75.35, 87.04, 85.54
797, 67.51, 75.65, 86.82, 84.31
798, 67.74, 75.11, 87.04, 84.33
799, 67.67, 75.66, 88.13, 85.34
800, 67.32, 75.31, 88.44, 84.8
801, 67.31, 75.76, 87.09, 84.26
802, 67.95, 75.08, 87.83, 84.94
803, 67.54, 75.25, 87.12, 84.84
804, 67.31, 75.67, 88.23, 84.74
805, 67.63, 75.65, 86.68, 83.45
806, 67.65, 75.67, 87.64, 84.38
807, 67.65, 75.29, 87.99, 83.46
808, 67.5, 75.68, 88.19, 85.22
809, 67.54, 75.3, 87.47, 84.57
810, 67.73, 75.56, 87.34, 84.43
811, 67.92, 75.4, 86.84, 84.24
812, 67.42, 75.43, 88.43, 85.33
813, 67.65, 75.45, 88.06, 83.91
814, 67.64, 75.54, 87.23, 83.98
815, 67.98, 75.42, 87.36, 84.54
816, 67.67, 75.8, 87.68, 84.85
817, 67.36, 75.84, 88.39, 85.96
818, 67.94, 75.59, 86.85, 84.75
819, 67.65, 75.54, 87.69, 84.85
820, 67.76, 75.25, 87.93, 83.94
821, 67.6, 75.38, 88.28, 85.34
822, 67.6, 75.38, 88.45, 84.98
823, 67.84, 75.92, 87.4, 83.91
824, 67.6, 75.81, 87.32, 85.12
825, 67.98, 75, 87.32, 84.29
826, 67.74, 75.5, 87.74, 85.61
827, 67.61, 75.45, 88.23, 85.42
828, 67.73, 75.53, 87.83, 83.46
829, 68.12, 75.83, 86.55, 84.37
830, 68.13, 75.56, 87.44, 83.79
831, 68, 75.46, 87.96, 86.24
832, 67.53, 75.48, 88.58, 84.87
833, 67.31, 75.5, 89.14, 84.03
834, 67.83, 75.65, 87.52, 84.12
835, 67.84, 76.03, 86.26, 84.19
836, 67.79, 75.67, 88.08, 84.37
837, 67.92, 75.13, 87.44, 85.54
838, 68.16, 75.48, 86.85, 86.36
839, 67.6, 75.59, 88.31, 85.42
840, 67.86, 75.57, 89.22, 84.2
841, 67.78, 75.9, 86.41, 86.47
842, 67.97, 75.88, 87.41, 85.13
843, 68.04, 75.34, 88.1, 84.35
844, 68.4, 75.25, 88.14, 85.61
845, 68.09, 75.48, 87.94, 85.95
846, 67.63, 75.4, 88.57, 86.6
847, 67.57, 75.3, 88.76, 84.66
848, 67.89, 75.51, 88.1, 84.72
849, 67.56, 75.35, 86.72, 84.28
850, 67.91, 75.58, 87.31, 84.46
851, 67.82, 75.71, 87.56, 84.87
852, 68.14, 75.3, 87.44, 84.75
853, 67.98, 75.26, 87.2, 85.19
854, 68.07, 75.34, 87.42, 85.68
855, 67.76, 75.94, 88.82, 85.46
856, 67.78, 75.22, 88.61, 84.7
857, 67.76, 75.18, 88.59, 83.95
858, 67.97, 75.87, 88.36, 84.62
859, 67.97, 75.87, 87.35, 85.12
860, 68.13, 75.76, 87.5, 84.69
861, 68.04, 75.7, 86.81, 84.19
862, 68.37, 75.59, 87.64, 84.88
863, 68.22, 75.25, 86.88, 84.66
864, 68.29, 75.7, 87.04, 84.97
865, 68.07, 75.61, 88.36, 86.11
866, 67.69, 75.59, 87.96, 85.81
867, 68.03, 75.66, 88.2, 85.88
868, 67.8, 75.85, 88.39, 83.98
869, 67.51, 75.58, 88.39, 83.49
870, 68.03, 75.4, 88.28, 84.77
871, 67.75, 75.78, 88.39, 85.58
872, 67.71, 75.9, 87.35, 84.64
873, 67.8, 76.17, 86.99, 85.34
874, 68.19, 76.16, 87.3, 83.88
875, 67.97, 75.73, 88.01, 84.8
876, 68.48, 75.52, 87.31, 84.33
877, 68.81, 75.57, 87.24, 85.04
878, 68.43, 75.45, 87.39, 85.65
879, 68.53, 75.54, 87.78, 85.81
880, 68.6, 75.57, 87.88, 85.81
881, 68.53, 75.17, 87.97, 86.97
882, 68.25, 75.64, 87.16, 86.27
883, 68.32, 75.65, 87.78, 85.41
884, 68.03, 75.86, 87.93, 86.22
885, 68.1, 75.72, 88.5, 86.53
886, 67.75, 75.79, 88.35, 86.11
887, 67.44, 75.54, 88.49, 85.58
888, 67.8, 75.56, 89.37, 85.47
889, 67.75, 75.72, 89.18, 85.45
890, 67.96, 75.75, 89.35, 84.54
891, 67.76, 75.72, 88.59, 85.5
892, 67.8, 75.56, 88.73, 85.45
893, 67.9, 75.63, 87.99, 85.28
894, 68.08, 75.57, 88.93, 86.29
895, 68, 75.69, 88.88, 85.91
896, 67.86, 75.73, 88.26, 85.72
897, 68.03, 75.61, 87.68, 86.05
898, 67.9, 75.53, 88.1, 86.43
899, 68.26, 75.86, 87.94, 86.54
900, 68.32, 75.39, 88.43, 85.78
901, 68.36, 75.32, 88.57, 86.06
902, 68.51, 75.31, 87.17, 85.48
903, 68.75, 75.49, 88.35, 85.81
904, 68.78, 75.54, 87.81, 85.23
905, 68.59, 75.66, 87.51, 84.88
906, 68.49, 75.81, 87.05, 85
907, 67.93, 75.85, 87.88, 85.15
908, 68.07, 75.88, 86.6, 84.14
909, 67.99, 76.42, 87.37, 84.52
910, 68.59, 75.94, 87.31, 84.64
911, 68.51, 76.15, 88.17, 83.92
912, 68.22, 76.06, 87.71, 84.6
913, 68.33, 75.99, 88.14, 85.07
914, 68.29, 75.86, 87.64, 84.67
915, 68.24, 75.95, 88.11, 84.7
916, 68.07, 75.91, 88.78, 84.86
917, 68.05, 76.15, 89.53, 86.52
918, 68.22, 76.07, 88.31, 85.85
919, 68.11, 76.16, 87.67, 86.91
920, 68.43, 75.59, 88.05, 87.02
921, 68.73, 75.66, 87.76, 85.3
922, 68.52, 75.98, 87.39, 85.83
923, 68.78, 75.58, 88.23, 85.21
924, 68.57, 76.2, 86.89, 86.02
925, 68.3, 75.96, 86.62, 84.12
926, 68.4, 75.94, 87.6, 84.48
927, 68.41, 75.8, 88.32, 84.24
928, 68.26, 75.75, 88.55, 84.89
929, 68.04, 75.68, 89.1, 86.01
930, 67.98, 75.78, 87.49, 87.12
931, 68.7, 75.65, 88.47, 85.49
932, 68.86, 75.87, 87.32, 84.55
933, 68.55, 75.75, 87.06, 85.43
934, 68.28, 75.61, 88.47, 85.05
935, 68.4, 75.9, 88.07, 84.88
936, 68.45, 75.93, 88.38, 84.66
937, 67.97, 76.01, 88.93, 84.74
938, 68.26, 75.75, 88.07, 85.39
939, 68.49, 76.09, 88.3, 84.56
940, 69.02, 75.43, 88.38, 85.19
941, 68.72, 75.87, 86.92, 84.68
942, 68.57, 76.33, 86.87, 84.5
943, 68.36, 75.86, 88.69, 84.94
944, 68.13, 75.7, 88.95, 86.5
945, 68.38, 75.62, 88.11, 86.71
946, 68.66, 75.67, 88.42, 84.97
947, 68.65, 76.18, 86.79, 84.8
948, 68.59, 76.23, 86.61, 84.49
949, 68.96, 76.3, 88.44, 84.06
950, 68.66, 75.98, 88.11, 84.8
951, 68.4, 76.31, 86.85, 86.13
952, 68.51, 75.98, 87.9, 84.95
953, 68.76, 76.16, 87.85, 84.84
954, 68.65, 76.65, 86.9, 85.04
955, 68.53, 76.65, 87.27, 84.08
956, 68.19, 76.11, 89.37, 85.13
957, 68.61, 76.36, 87.65, 85.56
958, 68.73, 75.92, 88.29, 85.13
959, 68.75, 76.2, 87.45, 83.95
960, 68.8, 76.48, 87.39, 83.62
961, 68.71, 76.34, 88.69, 83.84
962, 68.46, 75.83, 88.51, 86.57
963, 68.7, 75.91, 88.47, 86.54
964, 68.8, 75.96, 88.16, 85.86
965, 68.73, 75.94, 87.1, 84.94
966, 68.41, 76.16, 87.36, 84.14
967, 68.41, 76.06, 88.27, 84.37
968, 68.55, 75.65, 88.74, 86.43
969, 69.07, 75.74, 87.98, 84.91
970, 68.52, 75.97, 87.58, 85.82
971, 68.82, 76.13, 88.05, 84.29
972, 68.36, 76.26, 89.26, 85.61
973, 68.68, 75.55, 88.34, 85.87
974, 68.68, 75.48, 87.93, 85.59
975, 68.7, 75.68, 88.24, 84.82
976, 68.64, 75.95, 87.2, 85.63
977, 68.38, 75.56, 88.26, 85.36
978, 68.55, 75.85, 89.06, 86.53
979, 68.44, 75.93, 87.07, 86.54
980, 68.52, 75.88, 88.26, 85.59
981, 68.84, 76.28, 88.28, 85.08
982, 68.39, 75.95, 89.29, 85
983, 68.89, 76.14, 89.25, 85.7
984, 68.8, 75.72, 87.46, 85.47
985, 68.6, 75.96, 87.78, 84.68
986, 68.51, 75.9, 88.51, 84.43
987, 68.52, 75.87, 88.9, 87.73
988, 68.71, 76.04, 87.48, 85.45
989, 68.57, 75.8, 87.74, 85.22
990, 68.62, 76.16, 87.87, 85.61
991, 68.55, 75.86, 88.99, 86.04
992, 68.85, 76.1, 88.75, 86.56
993, 68.97, 75.73, 87.56, 85.38
994, 68.74, 76.16, 87.77, 84.29
995, 68.82, 76.03, 87.36, 84.52
996, 68.81, 75.78, 88.42, 86.49
997, 69.02, 75.95, 87.92, 85.21
998, 68.83, 75.91, 88.34, 85.9
999, 68.64, 76.3, 88.16, 84.52
1000, 68.54, 75.98, 89.21, 86.53
1001, 69.04, 76.01, 87.84, 86.77
1002, 68.83, 75.96, 88.8, 84.68
1003, 68.44, 76.51, 87.22, 84.91
1004, 68.43, 76.06, 88.8, 84.44
1005, 68.65, 76.17, 87.75, 86.87
1006, 69.26, 76.4, 88.33, 85.81
1007, 68.88, 76.2, 87.1, 85.29
1008, 68.77, 76.12, 87.83, 84.87
1009, 68.58, 76.14, 88.81, 86.08
1010, 69.03, 76.31, 87.81, 84.5
1011, 68.61, 76.05, 88.28, 85.72
1012, 68.61, 76.28, 88.4, 85.53
1013, 68.61, 76.03, 88.64, 85.37
1014, 69.28, 76.1, 88.32, 86.27
1015, 69.16, 76.13, 88.44, 85.15
1016, 68.92, 76.66, 87.83, 85.64
1017, 68.62, 75.98, 88.32, 85.01
1018, 69.06, 76.15, 88.91, 86.05
1019, 69.17, 76.01, 87.66, 85.4
1020, 68.84, 75.87, 87.78, 84.57
1021, 68.95, 76.55, 88.91, 84.91
1022, 69.15, 76.39, 89.45, 86.37
1023, 68.99, 76.06, 88.54, 86.11
1024, 68.67, 76.36, 88.19, 85.65
1025, 68.88, 76.17, 89.01, 84.74
1026, 69.18, 76.36, 88.01, 85.81
1027, 69, 76.29, 87.07, 85.52
1028, 68.9, 76.46, 87.66, 85.88
1029, 68.65, 76.67, 88.21, 84.57
1030, 69.29, 76.39, 88.28, 87.55
1031, 69.32, 75.93, 87.99, 86.53
1032, 68.94, 76.53, 88.62, 85.36
1033, 68.46, 76.05, 88.87, 86.34
1034, 69.14, 76.44, 88.25, 86.91
1035, 69.25, 76.22, 87.92, 87.01
1036, 69.12, 76.63, 87.83, 84.79
1037, 68.78, 76.27, 88.55, 85.86
1038, 69.66, 76.53, 88.8, 87.43
1039, 69.05, 75.88, 88.57, 86.77
1040, 68.88, 76.83, 86.74, 85.51
1041, 68.68, 76.33, 88.81, 86.56
1042, 69.38, 76.22, 89.38, 85.9
1043, 69.01, 76.14, 87.97, 85.68
1044, 68.7, 76.57, 88.18, 84.94
1045, 68.46, 76.51, 88.6, 86.45
1046, 69.15, 76.65, 89.75, 85.48
1047, 69.12, 76.62, 87.37, 84.92
1048, 68.52, 76.61, 88.72, 85.16
1049, 69.19, 76.06, 88.11, 86.82
1050, 68.87, 75.98, 87.33, 86.36
1051, 69.22, 76.77, 87.03, 84.86
1052, 68.46, 76.41, 89.32, 85.67
1053, 69.59, 76.67, 88.38, 86.25
1054, 68.81, 76.14, 88.22, 85.91
1055, 68.91, 76.66, 87.56, 85.43
1056, 68.86, 76.23, 88.98, 86.11
1057, 69.7, 76.31, 89.4, 86.04
1058, 68.85, 76.18, 87.45, 85.7
1059, 68.9, 76.73, 88.95, 85.32
1060, 69.07, 76.43, 88.28, 87.16
1061, 69.4, 76.4, 87.52, 85.61
1062, 69.19, 76.62, 87.2, 84.26
1063, 68.47, 76.42, 88.63, 85.69
1064, 69.28, 76.52, 88.88, 84.93
1065, 69.14, 76.21, 87.42, 85.77
1066, 68.99, 76.69, 88.37, 84.66
1067, 69.19, 76.81, 87.73, 86.63
1068, 69.02, 76.49, 87.59, 86.19
1069, 69.09, 76.77, 87.6, 85.68
1070, 69.46, 76.47, 89.33, 86.25
1071, 69.15, 76.3, 87.84, 85.26
1072, 69.02, 76.82, 88.11, 84.86
1073, 69.04, 76.61, 89.02, 86.92
1074, 69.33, 76.17, 87.59, 85.39
1075, 68.91, 76.47, 87.02, 84.81
1076, 68.7, 76.37, 88.54, 86.42
1077, 69.31, 76.13, 87.77, 85.28
1078, 69.28, 76.65, 87.8, 85.79
1079, 68.66, 76.1, 88.49, 85.15
1080, 69.46, 76.1, 87.31, 87.06
1081, 68.98, 76.21, 87, 85.74
1082, 68.78, 76.49, 88.35, 85.15
1083, 69.37, 76.16, 89.18, 87.09
1084, 69.07, 76.12, 87.42, 86.16
1085, 68.73, 76.35, 89.27, 85.9
1086, 69.28, 76.49, 87.89, 86.54
1087, 68.95, 76.01, 87.76, 86.41
1088, 68.91, 76.24, 88.54, 85.43
1089, 69.34, 76.4, 86.98, 86.54
1090, 69.2, 76.3, 86.89, 85.31
1091, 68.98, 76.02, 88.91, 85.85
1092, 69.34, 76.77, 88.72, 86.74
1093, 68.92, 76.38, 86.72, 84.93
1094, 69.2, 76.18, 89.02, 86.65
1095, 68.96, 76.48, 87.59, 85.86
1096, 68.88, 76.52, 88.66, 85.11
1097, 69.44, 76.56, 87.68, 86.49
1098, 69.08, 76.59, 88.45, 85.43
1099, 69.09, 76.42, 89.21, 86.49
1100, 69.41, 76.77, 88.12, 85.93
1101, 69.19, 76.4, 87.71, 84.92
1102, 69.04, 76.19, 89.4, 86.08
1103, 69.05, 76.89, 88, 86.06
1104, 68.89, 76.97, 87.96, 85.01
1105, 69.12, 76.53, 88.1, 86.17
1106, 69.03, 76.45, 87.43, 84.73
1107, 69.36, 76.22, 89.68, 86.24
1108, 69.07, 77.01, 88.2, 85.89
1109, 68.87, 76.61, 88.82, 83.53
1110, 69.12, 76.4, 87.42, 86.86
1111, 69.47, 76.45, 88.25, 86.4
1112, 69.13, 76.6, 89.32, 86.61
1113, 69.25, 76.84, 88.26, 85.64
1114, 69.07, 76.37, 88.24, 85.88
1115, 69.36, 76.49, 88.79, 85.92
1116, 69.29, 76.67, 87.3, 84.68
1117, 69.23, 76.36, 88.5, 87.09
1118, 69.15, 76.88, 88.39, 85.55
1119, 69.26, 76.47, 88.96, 85.37
1120, 69.71, 76.94, 87.88, 86.58
1121, 69.45, 76.28, 87.84, 84.54
1122, 69.65, 75.87, 88.12, 87.12
1123, 69.39, 76.2, 88, 84.82
1124, 68.85, 76.09, 88.83, 86.39
1125, 69.5, 76.29, 88.45, 85.78
1126, 69, 76.14, 88.62, 85.58
1127, 69.4, 76.65, 88.34, 85.64
1128, 69, 76.57, 87.36, 84.98
1129, 69.52, 76.49, 88.1, 88.58
1130, 69.46, 76.69, 86.72, 86.01
1131, 69.54, 76.42, 88.79, 86.96
1132, 69.33, 76.57, 87.18, 85.05
1133, 69.46, 76.42, 89.23, 86.38
1134, 69.17, 77.01, 88.39, 86.49
1135, 69, 76.52, 89.31, 86.8
1136, 69.43, 76.93, 89.01, 86.6
1137, 69.05, 76.66, 88.03, 86.27
1138, 69.6, 76.54, 88.65, 86.31
1139, 69.15, 76.44, 88.37, 85.89
1140, 69.45, 76.32, 87.79, 86.56
1141, 69.52, 76.8, 87.59, 85.58
1142, 69.1, 76.66, 89.51, 85.61
1143, 69.4, 76.56, 88.26, 86.27
1144, 69.15, 76.63, 89.24, 86.84
1145, 69.35, 76.99, 88.91, 86.41
1146, 69.18, 76.76, 87.69, 85.43
1147, 69.55, 76.54, 88.66, 86.89
1148, 68.92, 76.6, 88.18, 85.6
1149, 69.48, 76.44, 88.72, 87.11
1150, 69.2, 76.66, 87.47, 85.67
1151, 69.69, 76.43, 89.06, 87.03
1152, 69.13, 76.59, 88.19, 85.27
1153, 69.96, 76.37, 89.09, 87.54
1154, 69.58, 76.7, 87.15, 87.01
1155, 69.41, 76.53, 89.74, 86.58
1156, 69.18, 76.96, 87.9, 85.99
1157, 69.64, 76.3, 89.77, 86.39
1158, 69.05, 76.71, 87.55, 85.61
1159, 69.7, 76.63, 87.39, 86.89
1160, 69.21, 76.52, 88.93, 85.93
1161, 69.73, 76.89, 89.3, 87.83
1162, 69.21, 76.98, 87.96, 85.98
1163, 69.38, 77.03, 89.14, 86.66
1164, 69.42, 76.82, 87.87, 84.8
1165, 69.8, 76.82, 88.87, 86.57
1166, 69.47, 76.96, 88.07, 85.95
1167, 69.44, 76.88, 88.69, 85.85
1168, 69.52, 76.61, 89.11, 86.68
1169, 69.52, 76.65, 87.75, 86.83
1170, 69.82, 76.63, 90, 87.04
1171, 69.18, 76.6, 88.11, 85.97
1172, 69.7, 76.95, 88.05, 86.86
1173, 69.65, 76.63, 87.69, 84.5
1174, 69.37, 76.94, 88.79, 85.84
1175, 69.04, 76.55, 88.89, 85.93
1176, 69.34, 77.12, 89.13, 85.64
1177, 69.7, 76.8, 90.15, 86.83
1178, 69.43, 76.83, 88.67, 87.65
1179, 69.88, 76.76, 88.24, 86.79
1180, 69.24, 76.86, 87.39, 85.3
1181, 69.41, 76.89, 88.16, 86.78
1182, 69.73, 76.5, 88.79, 87.01
1183, 69.43, 77.2, 88.29, 86.77
1184, 69.31, 76.46, 88.14, 87.93
1185, 69.5, 76.44, 87.3, 86.15
1186, 69.37, 76.82, 88.13, 86.45
1187, 69.23, 76.56, 87.59, 85.69
1188, 69.57, 77.09, 88.71, 86.22
1189, 69.29, 76.51, 88.81, 86.91
1190, 69.58, 76.65, 88.18, 87.15
1191, 69.81, 76.84, 89.18, 86.33
1192, 69.32, 77.01, 88.42, 86.66
1193, 69.23, 76.96, 88.16, 86.31
1194, 69.57, 76.47, 88.73, 86.17
1195, 69.33, 76.45, 87.91, 86.34
1196, 69.53, 77.17, 88.58, 86.8
1197, 69.18, 76.41, 88.7, 85.59
1198, 69.65, 77.04, 88.29, 85.88
1199, 69.65, 76.97, 88.97, 86.26
1200, 69.28, 77.21, 88.63, 84.68
1201, 69.73, 76.99, 88.08, 85.97
1202, 69.47, 76.76, 89.76, 86.61
1203, 69.47, 77.09, 88.74, 86.17
1204, 69.38, 77.09, 88.98, 86.84
1205, 69.27, 76.65, 88.01, 85.64
1206, 69.55, 76.94, 88.19, 85.39
1207, 69.44, 76.71, 89.38, 86.96
1208, 68.99, 76.97, 86.77, 84.51
1209, 69.67, 77.06, 88.61, 85.97
1210, 69.42, 77.15, 89.12, 86.52
1211, 69.44, 76.76, 88.32, 86
1212, 69.87, 77.03, 88.2, 86.01
1213, 69.87, 77.53, 88.12, 86.09
1214, 74.79, 70.03, 88.74, 80.1
1215, 59.92, 54.24, 69.87, 68.39
1216, 51.48, 47.07, 56.81, 60.92
1217, 46.04, 42.37, 48.35, 55.31
1218, 40.3, 38.48, 42.84, 51
1219, 35.36, 34.57, 38.42, 46.21
1220, 32.2, 32.47, 32.33, 40.72
1221, 30.03, 31.23, 31.11, 39.82
1222, 28.65, 30.15, 31.74, 37.92
1223, 27.73, 29.69, 30.22, 36.43
1224, 27.14, 28.98, 28.93, 35.9
1225, 26.82, 28.72, 28.19, 35.52
1226, 26.57, 28.31, 28.33, 35.42
1227, 26.08, 28.01, 28.38, 34.5
1228, 26.02, 27.49, 27.04, 34.3
1229, 25.94, 27.55, 27.64, 33.06
1230, 25.81, 27.11, 27.55, 32.79
1231, 25.54, 26.79, 27.24, 32.55
1232, 25.61, 26.7, 27.26, 33.22
1233, 25.41, 26.5, 27.34, 31.28
1234, 25.57, 26.23, 26.5, 32.31
1235, 25.5, 26.34, 27.18, 32.29
1236, 25.71, 26.31, 27.03, 30.97
1237, 25.22, 26.37, 26.9, 31.39
1238, 25.26, 26.23, 26.66, 31.89
1239, 25.41, 25.74, 27.05, 30.98
1240, 25.28, 25.96, 26.87, 31.11
1241, 25.3, 25.75, 27.15, 30.69
1242, 25.62, 25.62, 27, 30.26
1243, 25.46, 25.73, 27.13, 30.44
