0, 23.66, 24.53, 28.03, 25.78
1, 23.86, 24.41, 28.14, 25.54
2, 23.61, 24.45, 28.66, 26.42
3, 23.69, 24.31, 28.26, 25.89
4, 23.63, 24.56, 28.45, 26.17
5, 23.78, 24.43, 28.84, 26.07
6, 23.4, 24.7, 28.56, 25.92
7, 23.82, 24.43, 28.21, 26.29
8, 23.53, 24.44, 28.47, 26.81
9, 23.38, 24.48, 28.33, 26.17
10, 23.8, 24.38, 28.2, 26.18
11, 23.71, 24.42, 28.26, 25.86
12, 23.57, 24.37, 28.65, 26.37
13, 23.81, 24.36, 28.08, 25.71
14, 23.25, 24.59, 28.27, 26.69
15, 23.63, 24.39, 28.53, 25.82
16, 23.7, 24.62, 28.25, 26.19
17, 23.77, 24.68, 28.22, 25.93
18, 23.75, 24.63, 28.25, 25.54
19, 23.56, 24.3, 28.53, 26.04
20, 23.69, 24.22, 28.09, 25.93
21, 23.4, 24.78, 28.46, 26.13
22, 23.51, 24.31, 28.88, 26.4
23, 23.49, 24.45, 28.25, 25.98
24, 23.58, 24.46, 28.68, 25.88
25, 23.66, 24.37, 28.38, 25.82
26, 23.55, 24.31, 28.23, 26.34
27, 23.57, 24.36, 27.94, 26.71
28, 23.63, 24.11, 28.2, 25.82
29, 23.74, 24.47, 27.94, 26.7
30, 23.43, 24.43, 28.32, 25.56
31, 23.73, 24.48, 28.1, 25.28
32, 23.77, 24.51, 28.84, 25.46
33, 23.71, 24.41, 30.06, 25.8
34, 23.65, 24.78, 31.19, 27
35, 23.9, 25.04, 32.49, 26.54
36, 23.7, 25.02, 34.03, 26.31
37, 23.92, 25.12, 35.41, 27.76
38, 23.98, 25.04, 36.82, 28.66
39, 23.74, 25.39, 37.77, 28.94
40, 23.97, 25.5, 39.14, 29.07
41, 23.75, 25.63, 40.05, 29.47
42, 23.91, 25.52, 41.75, 30.43
43, 24.21, 25.57, 42.38, 30.14
44, 24.18, 26.22, 43.63, 30.76
45, 24.08, 25.99, 44.54, 31.28
46, 23.84, 25.82, 46.03, 31.84
47, 23.76, 26.39, 47.22, 32.56
48, 24.22, 26.24, 47.65, 32.95
49, 24.41, 26.47, 48.62, 34.21
50, 24.36, 26.68, 49.57, 34.26
51, 24.53, 26.6, 51.24, 34.58
52, 24.4, 26.78, 51.57, 35.42
53, 24.17, 27.08, 52.97, 35.86
54, 24.57, 26.97, 53.36, 37.16
55, 24.34, 27.08, 54.83, 36.7
56, 24.47, 27.28, 56.26, 38.38
57, 24.37, 27.61, 57.07, 37.61
58, 24.41, 27.77, 58.73, 38.69
59, 24.61, 27.65, 59.71, 39.46
60, 24.6, 27.84, 60.22, 40.54
61, 24.49, 28.05, 61.31, 40.45
62, 24.56, 28.51, 62.24, 41.14
63, 24.82, 28.43, 62.94, 42.33
64, 24.69, 28.54, 63.98, 41.87
65, 24.8, 28.95, 65.82, 42.25
66, 24.77, 29.31, 65.76, 43.54
67, 25.1, 29.31, 66.51, 43.45
68, 25.04, 29.63, 67.59, 44.84
69, 25.07, 29.9, 68.54, 44.79
70, 25.32, 30.55, 69.34, 45.63
71, 25.21, 30.47, 70.4, 46.74
72, 25.02, 30.85, 71.15, 46.82
73, 25.11, 31.25, 71.35, 47.07
74, 25.02, 31.47, 72.36, 47.56
75, 25.29, 31.77, 72.97, 47.99
76, 25.44, 31.93, 74.69, 49.51
77, 25.6, 32.37, 75.57, 49.56
78, 25.38, 32.94, 76.07, 50.9
79, 25.36, 32.99, 76.98, 50.53
80, 25.56, 33.4, 78.16, 50.63
81, 25.71, 33.7, 79.58, 51.4
82, 25.71, 34.09, 80.03, 53.15
83, 25.79, 34.45, 80.71, 52.74
84, 25.62, 35.02, 81.81, 52.89
85, 25.77, 35.3, 82.73, 53.42
86, 26.14, 35.93, 83.39, 53.29
87, 26.06, 36.64, 83.71, 54.25
88, 25.71, 36.81, 84.55, 55.44
89, 26.27, 37.25, 85.46, 55.81
90, 26.32, 37.57, 86.29, 56.61
91, 26.41, 38.32, 86.67, 57.35
92, 26.28, 38.62, 87.87, 56.38
93, 26.22, 38.93, 89.35, 57.35
94, 26.28, 39.29, 88.66, 58.16
95, 26.78, 39.69, 90.03, 58.7
96, 26.91, 40.51, 91.13, 59.25
97, 26.88, 41.27, 90.77, 58.59
98, 26.85, 42.7, 91.82, 60.6
99, 26.87, 43.13, 92.31, 60.42
100, 27.38, 43.8, 94.36, 60.81
101, 27.17, 44.31, 95.18, 61.08
102, 27.72, 44.87, 95.08, 62.54
103, 27.59, 45.32, 95.4, 62.87
104, 27.75, 45.77, 96.34, 63.36
105, 28.19, 46.29, 96.61, 63.91
106, 28.11, 46.73, 97.13, 64.14
107, 27.93, 46.68, 98.05, 64.27
108, 28.02, 47.65, 97.13, 65.93
109, 28.32, 47.94, 97.06, 66.21
110, 28.2, 48.39, 97.84, 66.75
111, 29.04, 48.91, 97.34, 67.4
112, 29.39, 49.34, 97.41, 67.9
113, 29.59, 50.54, 96.92, 69.47
114, 29.35, 50.77, 97.09, 70.53
115, 30.09, 51.51, 96.71, 71.48
116, 30.02, 52.73, 96.52, 72.04
117, 30.49, 53.39, 97.45, 78.28
118, 31.01, 54.23, 97.72, 81.2
119, 31.38, 54.82, 97.85, 81.54
120, 31.89, 56.31, 96.96, 83.6
121, 31.75, 57.03, 97.9, 83.49
122, 32.11, 58.96, 97.55, 83.22
123, 32.34, 61.06, 97.38, 84.38
124, 32.67, 63.85, 96.92, 85.83
125, 32.78, 70.21, 95.99, 85.59
126, 32.75, 73.46, 96.29, 84.65
127, 32.79, 75.31, 96.61, 85.56
128, 32.61, 77.41, 97.71, 85.72
129, 32.68, 81.38, 96.83, 85.08
130, 32.87, 85.27, 97.32, 84.88
131, 32.41, 87.17, 97.6, 85.28
132, 32.85, 88.68, 98.37, 85.57
133, 33.06, 89.19, 98.65, 85.87
134, 33.09, 90.18, 98.44, 86.2
135, 32.98, 90.09, 98.4, 84.83
136, 33.34, 89.87, 98.77, 83.58
137, 34.54, 90.07, 97.75, 83.48
138, 35.6, 89.93, 97.11, 83.47
139, 36.31, 90.26, 97.77, 83.97
140, 35.95, 90.61, 98.33, 83.87
141, 36.73, 90.8, 98.17, 83.25
142, 36.58, 90.47, 98.08, 83.04
143, 36.43, 90.79, 97.04, 83.67
144, 36.33, 91.11, 97.87, 84.1
145, 39.77, 90.47, 97.28, 84.05
146, 39.43, 90.09, 98.4, 84.27
147, 39.76, 88.51, 99.38, 83.73
148, 39.67, 85.27, 97.33, 84.57
149, 39.66, 83.32, 97.55, 84.24
150, 39.58, 81.93, 98.01, 84.8
151, 43.86, 82.99, 98.38, 85.24
152, 44.85, 82.74, 97.52, 85.47
153, 44.17, 83.09, 98.89, 85.71
154, 46.1, 82.96, 99.4, 86.15
155, 48.12, 83.19, 97.9, 86.28
156, 49.41, 82.89, 98.36, 86.18
157, 53.44, 83.22, 98.07, 86.87
158, 58.65, 82.89, 98.66, 86.7
159, 61.31, 82.87, 96.64, 87.29
160, 68.02, 81.57, 98.49, 87.2
161, 72.32, 80.74, 98.48, 87.68
162, 74.73, 81.11, 97.5, 88.08
163, 77.18, 82.09, 97.97, 88.22
164, 78.31, 82.05, 97.9, 88.29
165, 79.14, 82.66, 96.86, 88.52
166, 78.5, 83.17, 97.24, 88.96
167, 78.49, 83.38, 97.74, 89.08
168, 78.55, 83.45, 96.72, 88.96
169, 77.88, 83.75, 98.76, 88.52
170, 78.76, 83.93, 97.8, 88.94
171, 79.58, 84.46, 98.29, 88.86
172, 79.43, 84.57, 99.51, 89.46
173, 80.03, 84.53, 96.32, 89.04
174, 80.3, 85.01, 99.12, 90.69
175, 80.21, 84.93, 96.4, 90.79
176, 80.55, 84.87, 97.46, 91.13
177, 80.82, 84.82, 98.12, 90.85
178, 80.7, 85.23, 98.15, 90.46
179, 80.95, 85.66, 98.05, 90.89
180, 80.68, 85.77, 97.45, 92.35
181, 80.04, 85.75, 97.45, 92.57
182, 79.99, 86.25, 98.48, 91.61
183, 81.35, 86.24, 95.5, 91.76
184, 81.73, 86.45, 98.05, 93.13
185, 81.52, 86.57, 98.56, 92.02
186, 81.55, 86.7, 97.63, 92.31
187, 81.45, 86.64, 99.97, 92.2
188, 81.48, 86.84, 98.93, 92.6
189, 80.79, 86.95, 97.75, 92.27
190, 81.61, 87.15, 100.65, 93.22
191, 81.52, 87.14, 100.24, 94.07
192, 82.21, 87.3, 99.03, 93.1
193, 82.81, 87.25, 99.21, 93.45
194, 82.85, 87.29, 97.63, 93.18
195, 83.08, 87.75, 98.5, 93.73
196, 83.21, 87.41, 97.3, 93.16
197, 83.52, 87.89, 100.45, 93.92
198, 83.1, 88.14, 99.06, 94.14
199, 83.51, 88.06, 98.71, 94.14
200, 83.09, 88.06, 99.9, 94.04
201, 83.97, 88.18, 98.86, 93.76
202, 83.49, 88.63, 98.8, 94.51
203, 83.83, 88.36, 99.97, 94.63
204, 83.95, 88.44, 99.99, 94.54
205, 83.87, 88.61, 99.22, 93.33
206, 84.43, 88.58, 99.23, 93.04
207, 84.51, 89.05, 98, 94.28
208, 84.18, 89.15, 98.62, 93.68
209, 84.5, 89.09, 98.38, 94.55
210, 84.74, 89.52, 100.64, 93.23
211, 84.71, 89.52, 99.18, 93.86
212, 84.78, 89.53, 96.21, 94.47
213, 85.13, 90.2, 101.97, 93.52
214, 84.69, 89.75, 97.9, 94.85
215, 84.99, 89.72, 98.28, 94.04
216, 85.21, 90.28, 99.54, 94.23
217, 85.1, 89.65, 98.86, 94
218, 85.62, 90.62, 96.07, 93.64
219, 85.79, 90.27, 98.11, 94.46
220, 85.42, 89.64, 97.31, 94.51
221, 85.51, 90.13, 100.86, 94.89
222, 85.32, 89.89, 99.06, 94.44
223, 85.4, 90.5, 101.53, 93.82
224, 85.53, 90.88, 99, 94.66
225, 85.57, 90.72, 99.33, 93.4
226, 84, 90.1, 99.98, 94.68
227, 82.69, 91, 98.76, 94.77
228, 81.64, 90.54, 98.81, 94.64
229, 84.09, 90.86, 101.05, 93.84
230, 83.82, 91.25, 99.06, 94.13
231, 82.1, 90.65, 100.07, 93.91
232, 81.06, 91.16, 97.74, 95.66
233, 81.89, 90.97, 100.17, 93.95
234, 84.58, 91.26, 99.48, 93.57
235, 85.16, 91.43, 100.68, 94.24
236, 84.2, 91.58, 100.1, 94.66
237, 85.02, 91.33, 98.88, 94.86
238, 84.53, 91.59, 98.89, 93.55
239, 85.08, 91.83, 98.32, 93.38
240, 85.97, 91.93, 97.41, 95.16
241, 85.7, 92.03, 97.87, 94.44
242, 85.93, 91.79, 98.28, 94
243, 84.9, 92.09, 98.12, 94.66
244, 84.07, 92.14, 98.28, 94.99
245, 85.45, 92.29, 98.69, 94.88
246, 85.79, 92.41, 99.21, 94.82
247, 84.5, 92.1, 97.36, 94.58
248, 86.57, 91.92, 99.4, 94.75
249, 87.4, 92.38, 101.13, 94
250, 87.06, 92.46, 101.07, 94.24
251, 87.3, 92.52, 98.82, 94.78
252, 86.8, 92.72, 98.8, 94.17
253, 87.18, 92.2, 96.52, 94.41
254, 87.53, 92.54, 98.1, 93.75
255, 87.38, 92.6, 101.49, 94.73
256, 86.85, 92.44, 98.93, 94.09
257, 87.27, 92.6, 98.78, 93.69
258, 87.48, 92.83, 99.01, 94.53
259, 87.44, 92.62, 99.14, 93.86
260, 87.76, 92.65, 98.44, 94.25
261, 86.56, 93.08, 99.26, 94.81
262, 86.2, 92.96, 100.72, 94.73
263, 87.05, 92.88, 100.1, 94.47
264, 86.88, 92.84, 98.91, 94.8
265, 87.53, 92.83, 98.25, 94.88
266, 85.57, 93.02, 101.31, 95.48
267, 85.53, 93.17, 97.8, 93.74
268, 88.06, 92.97, 99.83, 94.31
269, 87.98, 92.78, 99.98, 94.53
270, 88.1, 93.42, 100.45, 94.38
271, 88.2, 93.5, 100.61, 93.91
272, 87.59, 92.94, 97.33, 94.97
273, 87.94, 92.85, 99.13, 94.51
274, 87.51, 92.83, 100.04, 94.4
275, 87.21, 93.18, 98.72, 94.26
276, 87.39, 93.18, 99.18, 93.91
277, 88.65, 93.06, 100.86, 95.1
278, 87.73, 93.27, 100.76, 94.21
279, 86.82, 93.54, 100.5, 94.13
280, 87.16, 92.99, 101.72, 94.31
281, 88.01, 93.08, 99.05, 94.35
282, 88.42, 92.99, 99.22, 93.78
283, 89.01, 93.43, 101.22, 94.1
284, 88.35, 93.28, 99.5, 94.46
285, 88.81, 93.27, 99.76, 94.63
286, 89.04, 93.47, 98.49, 94.17
287, 87.91, 93.44, 98.27, 94.4
288, 88.77, 93.4, 100.55, 94.82
289, 87.5, 93.02, 100.34, 94.61
290, 86.44, 92.99, 98.35, 94.27
291, 88.5, 93.3, 99.85, 94.38
292, 87.73, 93.44, 100.06, 93.78
293, 88.66, 93.28, 101.06, 94.8
294, 89.41, 93.48, 99.98, 94.99
295, 88.97, 93.31, 100.36, 94.03
296, 88.36, 93.45, 96.88, 93.96
297, 89.12, 93.43, 101.36, 93.99
298, 88.75, 93.6, 101.08, 94.58
299, 89.33, 93.45, 100.18, 93.43
300, 89.61, 93.73, 99.64, 94.69
301, 89.26, 93.38, 99.97, 94.35
302, 89.86, 93.34, 98.42, 94.08
303, 89.39, 93.49, 100.39, 94.44
304, 88.55, 93.38, 100.83, 93.97
305, 89.48, 93.55, 100.1, 94.68
306, 90.03, 93.36, 99.73, 95.06
307, 90.12, 93.28, 99.93, 94.65
308, 90.08, 93.38, 99.72, 93.63
309, 89.45, 93.41, 100.19, 94.16
310, 90.72, 93.37, 100.11, 93.98
311, 90.49, 93.45, 99.5, 94.48
312, 90.62, 93.54, 99.92, 93.71
313, 89.94, 93.43, 99.29, 94.6
314, 90.15, 93.33, 99.52, 94.13
315, 90.03, 93.11, 98.49, 94.69
316, 90.26, 93.37, 99.52, 93.85
317, 90.43, 93.26, 100.79, 95.37
318, 90.36, 93.29, 99.13, 94.52
319, 89.56, 93.46, 99.36, 94.68
320, 89.4, 93.41, 100.21, 94.14
321, 88.98, 93.52, 101.39, 95.14
322, 90.53, 93.62, 99.52, 94.85
323, 90.47, 93.89, 98.65, 94.03
324, 90.18, 93.49, 99.57, 93.98
325, 90.51, 93.22, 100.12, 93.89
326, 90.58, 93.5, 98.78, 94.52
327, 90.82, 93.66, 98.76, 94.6
328, 91.1, 93.64, 102.43, 94.94
329, 90.93, 93.35, 102.06, 93.38
330, 90.83, 93.05, 99.01, 94.97
331, 91.11, 93.38, 101.74, 94.63
332, 91.17, 93.46, 100.84, 93.81
333, 90.81, 93.33, 101.19, 93.52
334, 90.44, 93.67, 99.21, 93.88
335, 90.52, 93.42, 99.48, 94.34
336, 90.93, 93.54, 101.82, 93.74
337, 91.06, 93.49, 101.29, 94.6
338, 91.21, 93.72, 101.68, 94.64
339, 90.86, 93.49, 100.2, 94.78
340, 91.05, 93.49, 101.94, 93.64
341, 91.07, 93.43, 100.91, 94.83
342, 91.37, 93.52, 102.25, 94.28
343, 90.94, 93.37, 100.14, 93.83
344, 91.04, 93.35, 101.29, 94.03
345, 91.31, 93.7, 100.62, 93.54
346, 91.06, 93.57, 101.13, 94.96
347, 91.62, 94, 102.38, 93.55
348, 91.45, 93.33, 101.86, 94.91
349, 91.37, 93.67, 100.64, 93.43
350, 91.35, 93.24, 102.56, 94.62
351, 91.41, 93.51, 100.98, 94.38
352, 91.28, 93.42, 100.73, 93.62
353, 91.66, 93.61, 101.06, 94.29
354, 91.4, 93.57, 101.83, 94.82
355, 91.28, 93.39, 102.43, 93.94
356, 91.31, 93.86, 101.5, 94.69
357, 91.26, 93.13, 103.41, 94.04
358, 91.36, 93.4, 99.74, 94.51
359, 91.16, 93.93, 102.35, 94.46
360, 90.77, 93.83, 102.86, 94.76
361, 91.05, 93.09, 101.52, 94.08
362, 91.69, 93.45, 102.4, 94.76
363, 91.47, 93.39, 103.27, 94.27
364, 91.31, 93.59, 101.88, 95.11
365, 91.25, 93.45, 103.83, 93.57
366, 91.95, 93.37, 102.17, 93.88
367, 91.92, 93.71, 101.83, 93.69
368, 91.1, 93.54, 101.37, 94.74
369, 90.75, 93.79, 103.3, 94.14
370, 91.5, 93.76, 103.93, 93.5
371, 91.61, 93.59, 100.48, 94.42
372, 91.44, 93.71, 101.91, 94.03
373, 92, 93.85, 102.29, 93.57
374, 91.99, 93.53, 101.54, 94.29
375, 91.9, 93.89, 102.89, 93.64
376, 91.62, 93.79, 104.71, 94.79
377, 92.18, 93.64, 103.54, 93.83
378, 91.77, 93.62, 103.02, 94.25
379, 91.92, 93.69, 101.15, 94.11
380, 91.58, 93.78, 103.05, 93.63
381, 91.75, 93.61, 101.89, 95.24
382, 91.8, 93.48, 102.76, 94.35
383, 91.81, 93.47, 102.45, 95.08
384, 91.68, 93.52, 104.27, 94.51
385, 91.69, 93.54, 102.51, 95.27
386, 91.66, 93.82, 102.67, 95.26
387, 91.85, 93.76, 103.53, 95.11
388, 91.14, 94.2, 103.29, 94.03
389, 90.81, 93.74, 105.17, 94.21
390, 91.63, 93.92, 103.58, 94.7
391, 91.61, 93.83, 102.68, 95.29
392, 91.55, 93.82, 102.6, 94.31
393, 91.89, 93.74, 103.74, 94.77
394, 91.86, 93.67, 104.07, 94.36
395, 91.95, 94.01, 103.6, 94.86
396, 92, 94.16, 103.83, 94.04
397, 91.98, 93.74, 104.73, 94.91
398, 91.95, 94.04, 103.59, 94.19
399, 91.97, 93.86, 103.41, 94.99
400, 92.15, 93.86, 102.56, 94.2
401, 91.99, 93.82, 103.73, 93.61
402, 92.14, 94.01, 103.29, 94.11
403, 91.92, 94.17, 103.11, 94.75
404, 92.17, 93.81, 101.7, 93.73
405, 92.21, 93.83, 103.45, 94.6
406, 91.88, 93.97, 104.14, 94.44
407, 92.11, 93.72, 103.33, 95.78
408, 92.04, 93.6, 103.67, 94.71
409, 92.07, 94.04, 102.89, 93.69
410, 92.01, 94.33, 103.31, 94.36
411, 91.65, 93.69, 104, 93.88
412, 91.92, 94.59, 103.79, 94.16
413, 92.49, 94.06, 102.99, 95.42
414, 92.18, 93.99, 102.43, 94.89
415, 92.23, 94.04, 101.68, 94.31
416, 91.86, 93.82, 104.62, 94.8
417, 91.88, 94.03, 105.78, 94.69
418, 91.82, 93.94, 104.19, 94.61
419, 92.09, 93.79, 103.46, 94.06
420, 92.29, 93.96, 101.67, 94.72
421, 92.25, 94.2, 104.18, 94.58
422, 91.91, 94.35, 105.65, 94.79
423, 92.02, 94.23, 102.79, 93.98
424, 92.08, 94.34, 105.35, 95.03
425, 91.97, 94.23, 105.04, 94.14
426, 92.48, 94.26, 105.8, 94.95
427, 92.23, 94.47, 103.57, 93.5
428, 92.33, 94.55, 103.29, 94.67
429, 92.31, 94.2, 104.88, 94.78
430, 92.79, 94.34, 104.18, 95.19
431, 92.14, 94.02, 106.32, 94.23
432, 92.47, 94.55, 104.35, 94.55
433, 92.39, 94.21, 105.16, 94.03
434, 92.45, 94.56, 106.04, 94.81
435, 92.25, 94.25, 103.86, 94.36
436, 92.21, 94.58, 104.19, 94.51
437, 92.4, 94.61, 104.28, 93.35
438, 92.17, 94.48, 104.54, 94.11
439, 92.3, 94.44, 101.78, 94.91
440, 92.27, 94.51, 105.13, 94.91
441, 92.49, 94.92, 105.82, 93.92
442, 92.73, 94.68, 104.51, 93.45
443, 92.44, 94.68, 105.17, 94.31
444, 91.97, 94.61, 104.11, 94.74
445, 91.82, 94.55, 104.59, 93.94
446, 92.14, 95.1, 104.32, 94.54
447, 92.34, 94.53, 104.98, 93.95
448, 92.53, 94.72, 104.29, 94.09
449, 92.33, 94.9, 104.3, 94.4
450, 92.25, 94.84, 105.11, 93.9
451, 92.83, 94.68, 105.12, 94.14
452, 92.66, 94.39, 105.24, 94.4
453, 92.54, 94.45, 105.49, 93.78
454, 92.65, 95.24, 105.28, 94.02
455, 92.59, 94.87, 104.03, 93.1
456, 92.73, 94.75, 106.98, 94.74
457, 92.91, 94.87, 104.38, 93.86
458, 92.41, 94.91, 108.1, 93.96
459, 92.69, 94.7, 105.23, 93.93
460, 92.85, 95.19, 106.39, 93.52
461, 92.5, 95.33, 105.83, 93.41
462, 92.55, 94.89, 104.96, 94.89
463, 92.53, 95.41, 104.76, 94.99
464, 92.36, 95.02, 106.84, 93.92
465, 92.67, 95.05, 105.4, 94.41
466, 92.68, 95.55, 104.96, 94.13
467, 92.36, 95.22, 104.64, 93.98
468, 92.77, 95.39, 105.09, 94.99
469, 92.47, 95.64, 107.18, 95.41
470, 92.39, 95.5, 105.01, 93.76
471, 92.5, 95.8, 106.05, 93.58
472, 92.87, 95.36, 107.28, 94.39
473, 92.68, 95.5, 105.94, 93.85
474, 92.46, 95.91, 104.01, 93.64
475, 92.72, 95.87, 107.24, 94.08
476, 92.81, 95.45, 105.34, 94.49
477, 93.15, 95.67, 105.63, 94.6
478, 92.71, 96.67, 103.46, 94.7
479, 93.23, 96.37, 104.77, 93.38
480, 92.96, 96.63, 106.61, 94.39
481, 92.75, 96.83, 102.84, 94.47
482, 92.89, 97.14, 105.29, 93.23
483, 93.15, 97.04, 107.27, 93.25
484, 92.96, 96.94, 103.78, 94.07
485, 92.99, 97.05, 106.11, 93.4
486, 92.92, 97.06, 104.98, 93.79
487, 92.99, 97.42, 105.9, 94.79
488, 92.92, 97.1, 106.79, 94.29
489, 92.94, 97.13, 105.33, 94.27
490, 92.67, 96.77, 106.44, 94.6
491, 92.98, 96.93, 105.58, 93.79
492, 92.75, 97.45, 107.31, 93.93
493, 93.15, 97.39, 105.71, 94.23
494, 93.11, 97.55, 104.42, 93.83
495, 93.03, 97.34, 103.56, 94.36
496, 92.85, 97.59, 107.09, 93.89
497, 92.84, 97.2, 107.13, 93.54
498, 93.02, 97.42, 106.33, 94.77
499, 92.98, 97.06, 106.43, 94.18
500, 93.11, 97.46, 105.58, 94
501, 93.39, 97.43, 106.27, 93.93
502, 93.18, 97.53, 106.52, 94.11
503, 92.94, 97.5, 104.72, 93.71
504, 93, 97.85, 103.66, 93.85
505, 93.01, 97.66, 105.95, 94.21
506, 93.34, 97.5, 104.83, 92.56
507, 93.13, 97.45, 105.68, 94.84
508, 93.03, 97.89, 106.43, 93.96
509, 92.96, 97.55, 106.98, 93.72
510, 92.99, 97.78, 104.8, 93.43
511, 93.26, 97.96, 106.46, 93.18
512, 93.22, 98.19, 106.43, 94.29
513, 93.4, 97.98, 106.41, 93.86
514, 93.61, 98.11, 105.73, 93.66
515, 93.32, 98.27, 105.08, 93.18
516, 93.18, 98.26, 105.43, 94.27
517, 93.46, 98.24, 106.05, 93.79
518, 93.42, 98.29, 106.26, 93.98
519, 93.32, 98.27, 105.88, 93.39
520, 93.33, 98.29, 104.1, 94.06
521, 93.53, 98.53, 105.61, 93.53
522, 93.3, 98.56, 106.53, 94.16
523, 93.31, 98.43, 108.14, 93.43
524, 93.21, 98.85, 106.42, 93.81
525, 93.24, 99.03, 105.7, 94.23
526, 93.13, 98.76, 106.98, 93.69
527, 93.13, 98.57, 105.17, 93.99
528, 93.87, 98.21, 105.68, 94.36
529, 93.66, 98.52, 105.49, 94.47
530, 93.17, 98.65, 105.7, 93.38
531, 93.45, 98.57, 105.5, 94.51
532, 93.38, 99.07, 105.14, 92.98
533, 93.46, 98.93, 105.97, 94.53
534, 93.59, 98.85, 104.6, 94.66
535, 93.83, 98.89, 106.91, 94.55
536, 93.31, 99.36, 104.71, 94.08
537, 93.59, 99.29, 104.63, 94.44
538, 93.59, 99.2, 104.37, 93.66
539, 93.92, 99.05, 105.19, 93.88
540, 93.78, 99.04, 104.62, 93.92
541, 93.59, 99.42, 105.16, 94.8
542, 93.71, 99.38, 105.58, 93.68
543, 93.74, 99.47, 104.76, 94.73
544, 93.45, 99.2, 105.83, 93.79
545, 94.14, 99.59, 105.75, 94.03
546, 93.49, 99.35, 108.93, 93.88
547, 93.96, 99.58, 106.04, 93.61
548, 93.59, 99.45, 107.17, 95.13
549, 93.67, 99.25, 104.96, 93.53
550, 93.45, 99.65, 107.18, 93.52
551, 93.75, 99.45, 104.27, 94.01
552, 93.56, 99.35, 107.34, 93.55
553, 94.09, 99.5, 107.96, 94.2
554, 93.79, 99.5, 104.28, 94.13
555, 93.81, 99.69, 104.9, 93.21
556, 93.83, 99.88, 106.21, 93.51
557, 94.03, 99.69, 105.01, 94.25
558, 93.73, 99.73, 105.68, 95.17
559, 93.97, 99.97, 106.17, 93.35
560, 93.74, 99.7, 105.67, 93.8
561, 94.33, 99.44, 105.94, 94.04
562, 93.87, 99.77, 106.58, 93.49
563, 93.67, 99.61, 106.25, 93.43
564, 94.11, 99.79, 107.28, 93.84
565, 93.98, 99.74, 103.95, 94.16
566, 93.75, 99.9, 107.36, 94.46
567, 94.47, 99.78, 105.12, 93.83
568, 93.94, 100.13, 106.46, 93.9
569, 94.17, 99.86, 107.46, 93.45
570, 94.14, 99.82, 107.11, 95.15
571, 94.2, 99.72, 105.06, 94.48
572, 94.25, 100.2, 108.23, 94.04
573, 94.29, 100.04, 105.91, 93.48
574, 94.21, 99.79, 107.25, 93.76
575, 94.23, 99.96, 105.15, 93.32
576, 94.02, 99.57, 106.6, 94.63
577, 94.46, 100.04, 105.83, 92.91
578, 94.43, 100.04, 108.36, 94.72
579, 94.17, 99.94, 107.84, 94.39
580, 93.97, 100.06, 103.55, 95.5
581, 94.84, 100.38, 104.83, 93.97
582, 94.21, 100.1, 104.87, 94.46
583, 94.55, 99.81, 104.52, 94.15
584, 94.36, 100.17, 105.02, 93.09
585, 94.29, 100.12, 106.95, 95.14
586, 94.2, 100.36, 105.73, 92.97
587, 94.13, 100.12, 104.31, 94.24
588, 94.74, 99.68, 106.94, 94.26
589, 94.34, 100.35, 106.03, 93.76
590, 94.7, 100.21, 106.93, 94.39
591, 94.01, 100.21, 106.99, 93.82
592, 94.38, 100.1, 107.69, 94.47
593, 94.38, 100.21, 106.53, 93.76
594, 94.11, 100.36, 105.69, 94.16
595, 94.38, 100.18, 105.72, 94.31
596, 94.43, 100.3, 108.62, 94.2
597, 94.49, 100.31, 108.84, 93.8
598, 94.4, 100.62, 106.25, 94.85
599, 94.26, 99.98, 106.28, 93.56
600, 94.08, 99.97, 106.99, 93.83
601, 94.41, 99.9, 106.09, 94.58
602, 94.88, 100.12, 104.56, 94
603, 94.41, 99.91, 104.93, 94.08
604, 94.36, 99.82, 108.79, 93.61
605, 94.35, 100.08, 107.12, 94.73
606, 94.47, 99.53, 105.36, 93.77
607, 94.2, 99.35, 106.87, 94.43
608, 94.18, 99.51, 106.01, 94.39
609, 94.43, 99.68, 105.75, 94.2
610, 94.06, 99.42, 106.17, 93.72
611, 94.78, 99.2, 107.83, 93.38
612, 94.34, 99.01, 106.52, 93.9
613, 93.93, 99.33, 108.47, 94.47
614, 94.5, 99.22, 106.54, 94.01
615, 94.53, 99.52, 105.2, 92.99
616, 94.49, 99.17, 107.56, 94.51
617, 94.66, 99.42, 106.87, 93.99
618, 94.77, 99.14, 109.86, 94.04
619, 94.72, 99.1, 106.8, 94.83
620, 94.62, 98.86, 107.48, 94.74
621, 94.72, 99.07, 105.36, 93.59
622, 94.95, 99.22, 109.4, 94.36
623, 95.08, 99.24, 105.4, 94.37
624, 94.87, 99.4, 107.04, 94.05
625, 94.9, 99.06, 106.19, 93.03
626, 94.91, 99.27, 106.55, 93.54
627, 94.95, 99.62, 106.45, 94.66
628, 94.73, 99.43, 106.76, 94.24
629, 95.21, 99.21, 108.7, 94.06
630, 95.62, 99.34, 107.72, 93.85
631, 95.36, 99.44, 106.12, 92.89
632, 94.98, 99.2, 105.4, 94.25
633, 95.32, 99.33, 110.12, 94.06
634, 95.58, 98.91, 108.17, 94.86
635, 95.26, 99.01, 108.2, 93.69
636, 95.55, 98.84, 107.98, 93.76
637, 96.14, 99.75, 107.21, 93.9
638, 95.52, 99.23, 106.95, 93.76
639, 95.42, 99.46, 106.21, 94.49
640, 95.75, 99.45, 105.57, 93.84
641, 95.62, 99.35, 108.06, 95.36
642, 95.97, 99.16, 107.03, 94.35
643, 95.43, 99.07, 107.88, 93.93
644, 95.47, 99.5, 107.44, 93.7
645, 95.77, 99.48, 107.31, 93.25
646, 96.03, 99.7, 108.3, 94.24
647, 95.68, 99.86, 107.37, 94.13
648, 95.8, 99.73, 107.02, 95.08
649, 95.91, 99.82, 106.67, 95.19
650, 95.37, 99.82, 106.71, 94.33
651, 95.78, 100.01, 104.84, 94.7
652, 96, 99.58, 106.33, 94.2
653, 95.58, 99.5, 105.35, 94.69
654, 96, 99.88, 106.23, 94.03
655, 95.74, 99.88, 107.57, 93.95
656, 96.2, 100.3, 108.59, 93.78
657, 95.96, 99.54, 107.61, 94.07
658, 96.32, 100.04, 108.14, 93.54
659, 96.12, 100, 108.18, 93.73
660, 95.99, 99.86, 107.61, 94.08
661, 95.94, 100.04, 105.36, 94.64
662, 96.29, 100.07, 103.95, 93.97
663, 96.26, 99.94, 106.47, 93.58
664, 96.07, 99.99, 107.38, 94.36
665, 96.05, 100.39, 106.89, 94.88
666, 96.44, 99.77, 107.67, 93.79
667, 96.39, 100.68, 106.95, 93.79
668, 96.56, 100.48, 106.11, 94.78
669, 96.43, 100.06, 107.61, 93.66
670, 96.69, 100, 107.82, 93.82
671, 96.45, 100.15, 108.32, 93.56
672, 96.49, 100.28, 108.1, 93.14
673, 96.88, 100.04, 108.58, 94.42
674, 96.67, 100.36, 107.36, 93.93
675, 96.58, 99.96, 104.94, 93.62
676, 96.65, 100.44, 106.55, 93.97
677, 96.94, 100.55, 107.3, 94.56
678, 96.67, 99.95, 107.8, 93.97
679, 97.32, 100.39, 107.9, 94.31
680, 96.9, 100.29, 106.41, 94.3
681, 96.82, 100.6, 109.69, 93.98
682, 96.92, 100.43, 109.35, 95.72
683, 96.78, 100.31, 107.46, 93.9
684, 97.01, 100.5, 106.68, 94.23
685, 96.92, 100.52, 109.31, 93.9
686, 98.7, 95.58, 88.77, 88.98
687, 77.43, 82.11, 73.39, 61.97
688, 57.88, 71.84, 63.08, 52.59
689, 45.69, 64.19, 56.52, 46.76
690, 38.36, 58.32, 51.11, 43.74
691, 34.01, 53.59, 47.17, 45.89
692, 30.42, 47.7, 42.62, 41.58
693, 27.93, 43.81, 40.82, 37.26
694, 25.98, 41.02, 38.6, 34.86
695, 24.49, 38.06, 37.44, 32.27
696, 23.55, 36.12, 35.67, 30.38
697, 23.18, 33.75, 34.28, 29.89
698, 22.47, 32.37, 32.42, 28.19
699, 22.39, 31.57, 30.95, 28.01
700, 22.46, 30.25, 30.97, 26.1
701, 23.29, 29.4, 30.47, 27.23
702, 23.16, 28.86, 30.24, 27.62
703, 23.25, 28.41, 29.27, 27.71
704, 23.25, 27.68, 29.01, 27.24
705, 23.1, 27.28, 28.96, 26.71
706, 23.25, 26.86, 28.01, 27.6
707, 23.13, 26.63, 28.05, 27.54
708, 22.81, 26.78, 28.05, 26.99
709, 23.13, 26.59, 27.89, 26.39
710, 22.9, 26.17, 27.74, 27
711, 23.24, 26.02, 28.34, 26.8
712, 23, 25.99, 27.6, 27.09
713, 23.01, 25.8, 27.51, 26.25
714, 23.27, 25.79, 27.01, 26.52
715, 23.58, 25.4, 27.52, 27.03
716, 23.12, 25.54, 26.8, 25.6
717, 23.15, 25.7, 27.16, 25.75
718, 23.16, 25.47, 27.1, 26.3
719, 23.07, 25.52, 26.86, 25.8
720, 23.17, 25.68, 27.04, 26.04
721, 23.31, 25.63, 27.22, 25.36
722, 23.58, 25.54, 27.65, 24.5
723, 23.21, 25.59, 27.52, 25.63
724, 22.91, 25.65, 27.54, 26.07
725, 23.14, 25.46, 27.2, 26.07
726, 23.08, 25.41, 27.1, 26.86
727, 22.96, 25.57, 27.03, 26.06
728, 23.24, 25.56, 26.87, 25.74
729, 23.55, 25.67, 26.8, 25.71
730, 23.09, 25.39, 26.63, 26.34
731, 23.36, 25.21, 26.58, 25.76
732, 23.21, 25.18, 26.82, 25.7
733, 23.36, 25.28, 27.05, 26.34
734, 23.63, 25.15, 27, 25.69
735, 23.41, 25.13, 26.22, 25.68
736, 23.79, 25.29, 26.76, 25.28
737, 23.74, 25.19, 26.72, 25.11
738, 23.63, 25.27, 26.26, 25.3
739, 23.4, 25.06, 26.5, 26.38
740, 23.56, 25.37, 26.96, 26.06
741, 23.57, 25.15, 26.95, 26.69
742, 23.64, 25.05, 26.75, 26.28
743, 23.69, 25.45, 26.77, 26.23
744, 23.66, 25.72, 26.69, 26.21
745, 23.62, 25.1, 27.09, 25.38
746, 23.97, 25.23, 27.28, 26.16
747, 23.8, 25.16, 26.57, 24.99
748, 24.28, 25.29, 26.65, 25.8
749, 23.86, 25.17, 26.46, 25.51
750, 24.25, 25.48, 26.42, 25.26
751, 24.15, 25.45, 26.24, 26.75
752, 24.1, 25.05, 25.99, 26.31
753, 24.31, 25.12, 26.53, 25.7
754, 24.42, 25.16, 26.79, 24.96
755, 24.41, 25.31, 26.59, 25.64
756, 24.27, 25.44, 27.15, 25.4
757, 24.49, 25.39, 27.68, 24.84
758, 24.64, 25.39, 26.71, 26.17
759, 24.53, 25.45, 26.63, 25.89
760, 24.7, 25.5, 26.6, 26.14
761, 24.66, 25.12, 27.43, 27.41
762, 24.32, 25.39, 27.29, 25.07
763, 24.29, 25.27, 27.56, 25.31
764, 24.44, 25.75, 27.42, 26.3
765, 24.43, 26.02, 27.25, 25.45
766, 24.88, 25.89, 27.81, 25.56
767, 24.75, 25.57, 28.15, 26.91
768, 24.63, 25.59, 28.48, 24.9
769, 24.85, 25.9, 27.94, 26.21
770, 25, 25.6, 27.53, 26.26
771, 24.92, 25.67, 27.64, 27.16
772, 24.78, 25.36, 28.48, 26.62
773, 25.08, 25.76, 27.78, 25.97
774, 24.67, 25.91, 27.69, 27.47
775, 24.64, 25.58, 28.52, 26.09
776, 24.63, 25.45, 28.69, 25.36
777, 24.76, 25.98, 27.59, 25.7
778, 24.71, 25.54, 28.07, 27.66
779, 25.04, 25.53, 28.67, 24.69
780, 24.87, 25.77, 27.69, 25.81
781, 24.74, 25.51, 27.87, 26.52
782, 24.97, 25.63, 28.44, 26.04
783, 24.96, 25.77, 27.95, 26.53
784, 24.9, 25.28, 28.74, 26.68
785, 24.92, 25.82, 28.45, 25.84
786, 24.81, 25.61, 28.13, 26.48
787, 24.78, 25.29, 28.33, 26.15
788, 24.94, 25.58, 27.91, 26.63
789, 24.97, 25.54, 28.84, 27.19
790, 24.51, 25.68, 28.62, 25.35
791, 24.84, 25.93, 28.59, 26.05
792, 25.03, 25.48, 28.15, 26.32
793, 25, 25.63, 28.69, 25.19
794, 24.82, 25.9, 28.77, 25.18
795, 25.15, 25.28, 28.62, 27.37
796, 24.99, 25.59, 27.74, 26.06
797, 24.91, 25.32, 28.61, 26.88
798, 24.85, 25.43, 29.04, 24.62
799, 24.74, 26.12, 28.04, 26.23
800, 25.13, 25.21, 28.28, 27.42
801, 24.71, 25.53, 28.62, 26.05
802, 24.77, 25.41, 28.32, 26.05
803, 24.79, 25.67, 28.25, 26.23
804, 25.16, 25.45, 28.47, 26.22
805, 24.62, 25.52, 27.95, 27.09
806, 24.95, 25.61, 28.57, 24.9
807, 25.24, 25.32, 28.35, 26.46
808, 24.81, 25.11, 28.23, 26.83
809, 24.91, 25.37, 28.17, 26.49
810, 24.75, 25.13, 27.96, 26.98
811, 24.96, 25.24, 27.89, 26.43
812, 24.85, 25.32, 28.17, 26.92
813, 24.75, 25.43, 28.65, 26.34
814, 24.71, 25.48, 28.32, 26.64
815, 24.88, 25.42, 27.79, 25.58
816, 24.97, 25.61, 27.89, 26.87
817, 24.76, 25.47, 28.27, 26.19
818, 24.88, 25.17, 28.06, 26.83
819, 24.8, 25.46, 27.5, 26.12
820, 25.05, 25.61, 27.81, 26.16
821, 24.92, 25.4, 28.02, 25.69
822, 25.23, 25.52, 27.72, 25.88
823, 24.66, 25.72, 28.52, 26.17
824, 24.41, 25.7, 28.45, 28.03
825, 25.12, 25.39, 28.56, 26.21
826, 24.68, 25.51, 28.03, 25.91
827, 25.08, 25.62, 28.05, 27.28
828, 25.09, 25.36, 28.09, 25.86
829, 24.4, 25.74, 28.19, 26.45
830, 24.99, 25.47, 28.75, 26.3
831, 24.94, 25.48, 28.39, 25.13
832, 24.83, 25.68, 28.3, 26.33
833, 24.88, 25.71, 28.35, 26.85
834, 24.66, 25.38, 28.14, 26.88
835, 25.02, 25.54, 28.55, 26.67
836, 24.96, 25.12, 29.04, 26.07
837, 24.55, 25.67, 28.31, 26.44
838, 24.92, 25.66, 28.6, 26.56
839, 25.05, 25.5, 28.59, 26.73
840, 25, 25.75, 28.46, 26.18
841, 25.25, 25.81, 28.99, 25.16
842, 25.12, 25.44, 28.73, 26.9
843, 24.78, 25.62, 28.04, 26.28
844, 25.21, 25.37, 28.65, 26.87
845, 24.75, 25.57, 28.31, 26.31
846, 24.95, 25.7, 28.64, 26.83
847, 25.15, 25.73, 28.77, 25.81
848, 24.86, 25.52, 28.73, 27.13
849, 24.84, 25.57, 28.56, 25.3
850, 25.18, 25.55, 28.41, 25.86
851, 25.14, 25.71, 28.48, 27.46
852, 24.95, 25.5, 28.78, 26.37
853, 24.91, 25.34, 28.74, 26.54
854, 24.83, 25.76, 28.74, 27.05
855, 25.04, 25.55, 28.24, 26
856, 25.21, 25.61, 28.87, 26.33
857, 25.12, 25.2, 28.88, 27.03
858, 24.79, 25.64, 28.2, 27.07
859, 25.06, 25.58, 28.73, 26.93
860, 24.93, 25.57, 28.48, 26.25
861, 24.84, 25.28, 28.48, 27.06
862, 24.74, 25.71, 27.85, 26.91
863, 24.87, 25.49, 28.65, 26.24
864, 24.77, 25.41, 28.81, 25.71
865, 24.97, 25.38, 28.17, 25.88
866, 24.85, 25.78, 28.11, 26.72
867, 25.08, 25.51, 28.39, 26.04
868, 25.11, 25.75, 29.09, 26.44
869, 25.11, 25.59, 28.7, 26.53
870, 24.92, 25.38, 28.89, 26.16
871, 25.02, 25.37, 28.51, 27.03
872, 24.86, 25.71, 28.28, 26.41
873, 24.84, 25.63, 28.49, 26.52
874, 24.8, 25.48, 28.19, 26.74
875, 25.34, 25.36, 28.89, 28.21
876, 25.06, 25.33, 28.96, 26.83
877, 25.11, 25.81, 28.85, 25.76
878, 24.99, 25.5, 29.62, 25.06
879, 24.95, 25.27, 28.78, 25.87
880, 24.88, 25.72, 28.49, 25.77
881, 25.08, 25.3, 28.74, 27.05
882, 24.83, 25.65, 28.8, 27.01
883, 24.82, 25.8, 28.49, 26.77
884, 25.13, 25.68, 28.86, 27.27
885, 24.95, 25.76, 28.74, 28.19
886, 24.8, 25.83, 28.24, 27
887, 25.09, 25.82, 28.57, 26.86
888, 24.89, 25.48, 28.55, 25.91
889, 25.15, 25.02, 28.29, 26.51
890, 24.85, 25.61, 28.69, 26.56
891, 24.85, 25.39, 29.64, 25.62
892, 25.24, 25.31, 28.5, 25.78
893, 24.99, 25.53, 28.21, 26.22
894, 25.32, 25.43, 29.3, 26.84
895, 24.97, 25.6, 28.83, 26.98
896, 24.69, 25.57, 28.89, 26.36
897, 24.68, 25.63, 29.06, 26.02
898, 24.81, 25.85, 28.87, 27.53
899, 24.97, 25.84, 28.21, 27.37
900, 25.11, 25.65, 28.98, 27.54
901, 25.24, 25.16, 29.5, 25.69
902, 25.03, 25.32, 28.64, 26.21
903, 25.53, 25.47, 28.78, 26.46
904, 25.03, 25.76, 28.41, 27.12
905, 24.53, 25.62, 28.62, 27.53
906, 24.38, 25.74, 29.38, 27.32
907, 25.07, 26.02, 27.99, 27.94
908, 25.27, 25.83, 28.57, 26.85
909, 25.2, 25.55, 28.95, 26.19
910, 25.54, 26.08, 29.56, 26.75
911, 25.01, 25.78, 29.75, 26.85
912, 24.62, 25.99, 28.01, 27.34
913, 24.62, 25.61, 28.46, 28.03
914, 25.23, 25.61, 28.74, 26.59
915, 25.11, 25.33, 29.17, 27.42
916, 24.72, 25.64, 28.96, 26.95
917, 24.77, 25.48, 27.75, 27.69
918, 24.92, 25.43, 28.8, 26.61
919, 25.37, 25.41, 28.87, 27.57
920, 24.68, 25.35, 28.91, 27.45
921, 25.01, 25.92, 29.04, 27.63
922, 25.12, 25.01, 28.39, 27.14
923, 25.17, 25.31, 28.35, 26.59
924, 24.8, 25.66, 28.69, 26.37
925, 24.96, 25.46, 29.36, 28.3
926, 24.89, 25.23, 29.11, 26.6
927, 24.89, 25.12, 29.34, 27.59
928, 24.89, 25.74, 28.73, 27.02
929, 24.83, 25.35, 28.63, 27.48
930, 25.05, 25.54, 28.86, 27.26
931, 24.58, 25.37, 28.86, 26.44
932, 24.93, 25.37, 29.22, 26.98
933, 25, 25.46, 28.54, 26.79
934, 24.72, 25.53, 28.94, 26.43
935, 24.7, 25.49, 28.51, 26.93
936, 24.66, 25.34, 28.63, 27.41
937, 24.66, 25.46, 28.65, 28.51
938, 24.93, 25.6, 28.71, 26.6
939, 25.2, 25.47, 28.17, 27.74
940, 24.82, 25.43, 28.52, 27.09
941, 24.81, 25.51, 28.74, 27.67
942, 25.17, 25.53, 28.62, 26.96
943, 25.1, 25.37, 28.97, 26.53
944, 24.93, 25.3, 28.77, 26.86
945, 25.09, 25.23, 28.73, 26.64
946, 24.92, 25.31, 28.87, 26.88
947, 25.01, 25.85, 28.81, 26.58
948, 24.72, 25.26, 28.87, 27.9
949, 24.9, 25.52, 29.06, 26.73
950, 24.82, 25.45, 28.94, 27.86
951, 25.04, 25.26, 28.88, 27.23
952, 24.84, 25.35, 28.55, 28.08
953, 24.93, 25.3, 28.77, 27.26
954, 24.6, 25.41, 28.66, 26.68
955, 24.85, 25.29, 28.81, 26.5
956, 24.77, 25.72, 28.62, 27.33
957, 24.67, 25.33, 28.6, 26.23
958, 24.84, 25.24, 28.34, 26.68
959, 24.91, 25.19, 28.92, 26.59
960, 24.88, 25.41, 28.51, 27.06
961, 24.76, 25.57, 28.4, 26.7
962, 24.78, 25.37, 28.6, 27.38
963, 24.65, 25.32, 28.68, 27.09
964, 24.7, 25.32, 28.83, 26.7
965, 24.91, 25.17, 28.67, 27.34
966, 24.73, 25.21, 28.95, 27.71
967, 24.63, 25.36, 28.84, 27.25
968, 24.92, 25.16, 28.8, 28.21
969, 24.7, 25.14, 28.95, 26.95
970, 24.7, 25.52, 28.72, 26.97
971, 24.77, 25.21, 29.29, 27.59
972, 24.93, 25.34, 28.76, 27.16
973, 24.79, 25.15, 28.87, 26.06
974, 24.77, 25.36, 28.69, 27.37
975, 24.58, 25.45, 28.62, 26.77
976, 24.88, 25.47, 28.69, 27.1
977, 24.77, 25.33, 28.97, 26.99
978, 24.67, 25.45, 28.7, 27.34
979, 24.79, 25.31, 28.49, 27.71
980, 24.94, 25.4, 28.53, 27.51
981, 24.82, 25.37, 29.11, 27.51
982, 24.61, 25.29, 29.17, 27.13
983, 24.47, 25.52, 28.96, 26.25
984, 24.54, 25.61, 28.96, 27.52
985, 24.54, 25.36, 29.27, 28.62
986, 24.8, 25.38, 28.62, 27.36
987, 24.65, 25.18, 28.65, 27.12
988, 24.74, 25.26, 28.93, 27.4
989, 24.6, 25.7, 28.77, 26.76
990, 24.96, 25.49, 29.03, 28.39
991, 24.73, 25.28, 28.81, 27.88
992, 24.58, 25.5, 28.61, 27.37
993, 24.69, 25.23, 28.7, 27.02
994, 24.72, 25.38, 28.58, 27.95
995, 24.82, 25.4, 28.57, 27.25
996, 24.62, 25.37, 29.07, 27.84
997, 24.78, 25.51, 28.99, 27.68
998, 25.06, 25.36, 28.68, 27.98
999, 24.84, 25.38, 28.67, 27.62
1000, 24.95, 25.38, 29.52, 27.75
1001, 24.77, 25.22, 28.58, 27.94
1002, 24.82, 25.41, 28.26, 27.83
1003, 24.73, 25.14, 28.91, 27.24
1004, 25.12, 25.32, 28.92, 27.37
1005, 24.67, 25.16, 28.36, 26.85
1006, 24.62, 25.57, 28.99, 27.61
1007, 24.68, 25.45, 29.01, 27.18
1008, 24.48, 25.19, 28.91, 27.49
1009, 24.9, 25.41, 28.84, 26.95
1010, 24.94, 25.1, 28.86, 26.98
1011, 24.9, 25.26, 29.04, 27.08
1012, 24.79, 25.45, 28.99, 26.47
1013, 24.41, 25.49, 28.84, 26.81
1014, 24.64, 25.46, 28.7, 27.62
1015, 24.78, 25.17, 28.66, 26.33
1016, 24.68, 25.19, 28.89, 27.45
1017, 24.85, 25.32, 28.85, 27.01
1018, 24.91, 25.17, 28.65, 27.45
1019, 24.82, 25.12, 28.44, 27.05
1020, 24.75, 25.44, 28.99, 27.14
1021, 24.91, 25.39, 28.72, 27.32
1022, 24.68, 24.99, 28.9, 27.11
1023, 24.68, 25.53, 29.09, 27.88
1024, 25, 25.13, 29.22, 26.93
1025, 24.74, 25.34, 28.15, 27.1
1026, 24.61, 25.37, 28.82, 27.55
1027, 24.81, 25.3, 29.25, 27.55
1028, 24.78, 25.33, 28.46, 26.99
1029, 24.95, 25.44, 28.04, 26.78
1030, 24.88, 25.08, 28.85, 27.11
1031, 24.73, 25.6, 28.61, 27.25
1032, 24.81, 25.62, 28.81, 27.25
1033, 24.65, 25.37, 28.83, 27.64
1034, 24.62, 25.39, 28.97, 27.9
1035, 24.59, 25.44, 28.92, 27.25
1036, 25.03, 25.17, 28.54, 26.13
1037, 24.48, 25.28, 28.74, 27.55
1038, 24.63, 25.3, 28.52, 27.31
1039, 24.7, 25.52, 28.64, 27.5
1040, 24.57, 25.59, 28.75, 26.99
1041, 24.57, 25.73, 28.96, 27.46
1042, 24.6, 25.32, 29.34, 27.62
1043, 24.77, 25.32, 28.81, 27.04
1044, 25, 25.39, 28.67, 26.91
1045, 25.05, 25.59, 28.81, 27.1
1046, 24.68, 25.26, 28.85, 27.35
1047, 24.38, 25.23, 29.02, 27.77
1048, 24.59, 25.26, 28.77, 27.14
1049, 24.76, 25.21, 29.06, 26.89
1050, 25, 25.45, 29.3, 26.95
1051, 24.56, 25.32, 28.56, 26.33
1052, 24.79, 25.56, 29.19, 26.96
1053, 24.79, 25.36, 29.06, 28.07
1054, 24.62, 25.25, 28.65, 27.78
1055, 24.92, 25.31, 28.98, 27.59
1056, 24.76, 25.16, 28.69, 26.43
1057, 24.56, 25.35, 28.38, 27.5
